OMIM:PS100070	OMIM:609782
OMIM:PS100070	OMIM:611891
OMIM:PS100070	OMIM:614375
OMIM:PS100070	OMIM:100070
OMIM:PS100300	OMIM:615297
OMIM:PS100300	OMIM:100300
OMIM:PS100300	OMIM:614814
OMIM:PS100300	OMIM:616028
OMIM:PS100300	OMIM:616589
OMIM:PS100300	OMIM:614219
OMIM:PS101800	OMIM:614613
OMIM:PS101800	OMIM:101800
OMIM:PS102300	OMIM:612853
OMIM:PS102300	OMIM:610439
OMIM:PS102300	OMIM:615197
OMIM:PS102300	OMIM:611185
OMIM:PS102300	OMIM:610438
OMIM:PS102300	OMIM:102300
OMIM:PS102300	OMIM:608831
OMIM:PS102300	OMIM:611242
OMIM:PS104290	OMIM:104290
OMIM:PS104290	OMIM:614820
OMIM:PS104500	OMIM:104530
OMIM:PS104500	OMIM:616221
OMIM:PS104500	OMIM:104500
OMIM:PS104500	OMIM:204650
OMIM:PS104500	OMIM:614832
OMIM:PS104500	OMIM:130900
OMIM:PS104500	OMIM:612529
OMIM:PS104500	OMIM:615887
OMIM:PS104500	OMIM:613211
OMIM:PS104500	OMIM:104510
OMIM:PS104500	OMIM:204690
OMIM:PS104500	OMIM:204700
OMIM:PS104500	OMIM:301200
OMIM:PS104500	OMIM:301201
OMIM:PS105250	OMIM:105250
OMIM:PS105250	OMIM:613955
OMIM:PS105400	OMIM:612069
OMIM:PS105400	OMIM:612069
OMIM:PS105400	OMIM:105400
OMIM:PS105400	OMIM:205100
OMIM:PS105400	OMIM:615515
OMIM:PS105400	OMIM:616208
OMIM:PS105400	OMIM:614696
OMIM:PS105400	OMIM:606070
OMIM:PS105400	OMIM:616437
OMIM:PS105400	OMIM:612577
OMIM:PS105400	OMIM:105550
OMIM:PS105400	OMIM:614373
OMIM:PS105400	OMIM:613954
OMIM:PS105400	OMIM:602433
OMIM:PS105400	OMIM:613435
OMIM:PS105400	OMIM:105400
OMIM:PS105400	OMIM:615426
OMIM:PS105400	OMIM:616439
OMIM:PS105400	OMIM:183090
OMIM:PS105400	OMIM:183090
OMIM:PS105400	OMIM:611895
OMIM:PS105400	OMIM:602099
OMIM:PS105400	OMIM:608030
OMIM:PS105400	OMIM:614808
OMIM:PS105400	OMIM:606640
OMIM:PS105400	OMIM:608031
OMIM:PS105400	OMIM:608627
OMIM:PS105400	OMIM:105400
OMIM:PS105400	OMIM:615911
OMIM:PS105400	OMIM:105400
OMIM:PS105400	OMIM:300857
OMIM:PS105400	OMIM:205200
OMIM:PS105550	OMIM:616437
OMIM:PS105550	OMIM:105550
OMIM:PS105550	OMIM:616439
OMIM:PS105550	OMIM:615911
OMIM:PS105650	OMIM:612562
OMIM:PS105650	OMIM:612561
OMIM:PS105650	OMIM:612563
OMIM:PS105650	OMIM:615550
OMIM:PS105650	OMIM:612528
OMIM:PS105650	OMIM:613308
OMIM:PS105650	OMIM:606129
OMIM:PS105650	OMIM:610629
OMIM:PS105650	OMIM:613309
OMIM:PS105650	OMIM:615909
OMIM:PS105650	OMIM:612527
OMIM:PS105650	OMIM:614900
OMIM:PS105650	OMIM:105650
OMIM:PS105650	OMIM:300946
OMIM:PS105800	OMIM:609122
OMIM:PS105800	OMIM:612586
OMIM:PS105800	OMIM:610213
OMIM:PS105800	OMIM:105800
OMIM:PS105800	OMIM:614252
OMIM:PS105800	OMIM:612587
OMIM:PS105800	OMIM:611892
OMIM:PS105800	OMIM:612161
OMIM:PS105800	OMIM:612162
OMIM:PS105800	OMIM:608542
OMIM:PS105800	OMIM:300870
OMIM:PS106300	OMIM:613238
OMIM:PS106300	OMIM:106300
OMIM:PS106300	OMIM:183840
OMIM:PS106600	OMIM:150400
OMIM:PS106600	OMIM:106600
OMIM:PS106600	OMIM:610926
OMIM:PS106600	OMIM:616724
OMIM:PS106600	OMIM:604625
OMIM:PS106600	OMIM:602639
OMIM:PS106600	OMIM:313500
OMIM:PS107970	OMIM:600996
OMIM:PS107970	OMIM:602087
OMIM:PS107970	OMIM:604400
OMIM:PS107970	OMIM:607450
OMIM:PS107970	OMIM:604401
OMIM:PS107970	OMIM:615616
OMIM:PS107970	OMIM:609040
OMIM:PS107970	OMIM:602086
OMIM:PS107970	OMIM:107970
OMIM:PS107970	OMIM:611528
OMIM:PS107970	OMIM:610476
OMIM:PS107970	OMIM:610476
OMIM:PS107970	OMIM:610193
OMIM:PS108300	OMIM:614284
OMIM:PS108300	OMIM:604841
OMIM:PS108300	OMIM:184840
OMIM:PS108300	OMIM:614134
OMIM:PS108300	OMIM:108300
OMIM:PS108300	OMIM:609508
OMIM:PS108600	OMIM:611390
OMIM:PS108600	OMIM:613672
OMIM:PS108600	OMIM:108600
OMIM:PS108600	OMIM:270550
OMIM:PS108600	OMIM:611302
OMIM:PS108600	OMIM:614487
OMIM:PS108600	OMIM:108650
OMIM:PS108720	OMIM:108720
OMIM:PS108720	OMIM:108721
OMIM:PS108720	OMIM:256050
OMIM:PS108720	OMIM:256050
OMIM:PS108800	OMIM:613087
OMIM:PS108800	OMIM:108800
OMIM:PS108800	OMIM:108900
OMIM:PS108800	OMIM:614433
OMIM:PS108800	OMIM:611363
OMIM:PS108800	OMIM:607941
OMIM:PS108800	OMIM:614089
OMIM:PS108800	OMIM:612794
OMIM:PS108800	OMIM:614475
OMIM:PS109720	OMIM:613008
OMIM:PS109720	OMIM:109720
OMIM:PS109720	OMIM:613007
OMIM:PS109720	OMIM:614220
OMIM:PS109720	OMIM:614221
OMIM:PS109730	OMIM:109730
OMIM:PS109730	OMIM:614823
OMIM:PS112240	OMIM:616294
OMIM:PS112240	OMIM:112240
OMIM:PS113700	OMIM:616001
OMIM:PS113700	OMIM:113700
OMIM:PS113900	OMIM:140400
OMIM:PS113900	OMIM:113900
OMIM:PS113900	OMIM:113900
OMIM:PS113900	OMIM:604559
OMIM:PS114580	OMIM:114580
OMIM:PS114580	OMIM:614162
OMIM:PS114580	OMIM:616445
OMIM:PS114580	OMIM:613956
OMIM:PS114580	OMIM:615527
OMIM:PS114580	OMIM:212050
OMIM:PS114580	OMIM:607644
OMIM:PS114580	OMIM:613108
OMIM:PS114580	OMIM:613953
OMIM:PS115150	OMIM:115150
OMIM:PS115150	OMIM:615278
OMIM:PS115150	OMIM:615279
OMIM:PS115150	OMIM:615280
OMIM:PS115200	OMIM:615373
OMIM:PS115200	OMIM:615373
OMIM:PS115200	OMIM:613122
OMIM:PS115200	OMIM:115200
OMIM:PS115200	OMIM:601494
OMIM:PS115200	OMIM:601494
OMIM:PS115200	OMIM:613697
OMIM:PS115200	OMIM:612158
OMIM:PS115200	OMIM:612158
OMIM:PS115200	OMIM:604288
OMIM:PS115200	OMIM:604145
OMIM:PS115200	OMIM:604765
OMIM:PS115200	OMIM:615916
OMIM:PS115200	OMIM:601154
OMIM:PS115200	OMIM:611879
OMIM:PS115200	OMIM:613642
OMIM:PS115200	OMIM:606685
OMIM:PS115200	OMIM:605582
OMIM:PS115200	OMIM:615235
OMIM:PS115200	OMIM:609909
OMIM:PS115200	OMIM:602067
OMIM:PS115200	OMIM:605362
OMIM:PS115200	OMIM:614672
OMIM:PS115200	OMIM:609915
OMIM:PS115200	OMIM:600884
OMIM:PS115200	OMIM:611615
OMIM:PS115200	OMIM:615248
OMIM:PS115200	OMIM:615248
OMIM:PS115200	OMIM:615248
OMIM:PS115200	OMIM:611407
OMIM:PS115200	OMIM:601493
OMIM:PS115200	OMIM:601493
OMIM:PS115200	OMIM:601493
OMIM:PS115200	OMIM:613172
OMIM:PS115200	OMIM:613881
OMIM:PS115200	OMIM:607482
OMIM:PS115200	OMIM:615396
OMIM:PS115200	OMIM:615396
OMIM:PS115200	OMIM:615184
OMIM:PS115200	OMIM:608569
OMIM:PS115200	OMIM:613740
OMIM:PS115200	OMIM:613252
OMIM:PS115200	OMIM:613426
OMIM:PS115200	OMIM:613426
OMIM:PS115200	OMIM:613694
OMIM:PS115200	OMIM:613424
OMIM:PS115200	OMIM:613424
OMIM:PS115200	OMIM:611878
OMIM:PS115200	OMIM:611878
OMIM:PS115200	OMIM:612877
OMIM:PS115200	OMIM:613286
OMIM:PS115200	OMIM:611880
OMIM:PS115200	OMIM:302045
OMIM:PS115210	OMIM:612422
OMIM:PS115210	OMIM:615248
OMIM:PS115210	OMIM:615248
OMIM:PS115210	OMIM:615248
OMIM:PS115210	OMIM:609578
OMIM:PS115210	OMIM:115210
OMIM:PS116200	OMIM:115665
OMIM:PS116200	OMIM:116600
OMIM:PS116200	OMIM:612968
OMIM:PS116200	OMIM:116200
OMIM:PS116200	OMIM:115800
OMIM:PS116200	OMIM:607304
OMIM:PS116200	OMIM:115700
OMIM:PS116200	OMIM:604307
OMIM:PS116200	OMIM:615188
OMIM:PS116200	OMIM:115900
OMIM:PS116200	OMIM:610019
OMIM:PS116200	OMIM:611597
OMIM:PS116200	OMIM:116100
OMIM:PS116200	OMIM:116400
OMIM:PS116200	OMIM:116700
OMIM:PS116200	OMIM:609026
OMIM:PS116200	OMIM:614691
OMIM:PS116200	OMIM:605749
OMIM:PS116200	OMIM:613887
OMIM:PS116200	OMIM:116300
OMIM:PS116200	OMIM:610623
OMIM:PS116200	OMIM:610623
OMIM:PS116200	OMIM:613763
OMIM:PS116200	OMIM:615274
OMIM:PS116200	OMIM:614422
OMIM:PS116200	OMIM:601885
OMIM:PS116200	OMIM:115650
OMIM:PS116200	OMIM:605728
OMIM:PS116200	OMIM:116800
OMIM:PS116200	OMIM:610202
OMIM:PS116200	OMIM:601202
OMIM:PS116200	OMIM:600881
OMIM:PS116200	OMIM:616279
OMIM:PS116200	OMIM:115660
OMIM:PS116200	OMIM:609376
OMIM:PS116200	OMIM:615277
OMIM:PS116200	OMIM:611391
OMIM:PS116200	OMIM:605387
OMIM:PS116200	OMIM:604219
OMIM:PS116200	OMIM:616509
OMIM:PS116200	OMIM:609741
OMIM:PS116200	OMIM:601547
OMIM:PS116200	OMIM:611544
OMIM:PS116200	OMIM:610425
OMIM:PS116200	OMIM:302200
OMIM:PS117550	OMIM:117550
OMIM:PS117550	OMIM:614753
OMIM:PS118100	OMIM:118100
OMIM:PS118100	OMIM:613702
OMIM:PS118100	OMIM:214300
OMIM:PS118100	OMIM:616549
OMIM:PS118220	OMIM:615376
OMIM:PS118220	OMIM:118210
OMIM:PS118220	OMIM:609260
OMIM:PS118220	OMIM:601152
OMIM:PS118220	OMIM:608323
OMIM:PS118220	OMIM:605588
OMIM:PS118220	OMIM:118200
OMIM:PS118220	OMIM:145900
OMIM:PS118220	OMIM:605253
OMIM:PS118220	OMIM:607791
OMIM:PS118220	OMIM:607736
OMIM:PS118220	OMIM:607677
OMIM:PS118220	OMIM:616233
OMIM:PS118220	OMIM:600882
OMIM:PS118220	OMIM:615490
OMIM:PS118220	OMIM:616625
OMIM:PS118220	OMIM:601596
OMIM:PS118220	OMIM:611228
OMIM:PS118220	OMIM:601472
OMIM:PS118220	OMIM:606595
OMIM:PS118220	OMIM:607684
OMIM:PS118220	OMIM:607734
OMIM:PS118220	OMIM:607731
OMIM:PS118220	OMIM:607831
OMIM:PS118220	OMIM:607831
OMIM:PS118220	OMIM:607706
OMIM:PS118220	OMIM:214400
OMIM:PS118220	OMIM:608340
OMIM:PS118220	OMIM:601455
OMIM:PS118220	OMIM:616687
OMIM:PS118220	OMIM:614436
OMIM:PS118220	OMIM:616684
OMIM:PS118220	OMIM:615025
OMIM:PS118220	OMIM:145900
OMIM:PS118220	OMIM:607678
OMIM:PS118220	OMIM:605253
OMIM:PS118220	OMIM:605285
OMIM:PS118220	OMIM:606483
OMIM:PS118220	OMIM:604563
OMIM:PS118220	OMIM:616155
OMIM:PS118220	OMIM:601382
OMIM:PS118220	OMIM:609311
OMIM:PS118220	OMIM:608591
OMIM:PS118220	OMIM:616280
OMIM:PS118220	OMIM:606071
OMIM:PS118220	OMIM:608673
OMIM:PS118220	OMIM:616039
OMIM:PS118220	OMIM:614228
OMIM:PS118220	OMIM:616668
OMIM:PS118220	OMIM:601098
OMIM:PS118220	OMIM:613287
OMIM:PS118220	OMIM:613641
OMIM:PS118220	OMIM:145900
OMIM:PS118220	OMIM:118300
OMIM:PS118220	OMIM:118220
OMIM:PS118220	OMIM:616491
OMIM:PS118220	OMIM:606482
OMIM:PS118220	OMIM:606482
OMIM:PS118220	OMIM:614895
OMIM:PS118220	OMIM:145900
OMIM:PS118220	OMIM:605589
OMIM:PS118220	OMIM:616688
OMIM:PS118220	OMIM:615284
OMIM:PS118220	OMIM:302801
OMIM:PS118220	OMIM:300905
OMIM:PS118220	OMIM:302800
OMIM:PS118220	OMIM:311070
OMIM:PS118220	OMIM:310490
OMIM:PS118220	OMIM:302802
OMIM:PS118220	OMIM:310490
OMIM:PS118450	OMIM:610205
OMIM:PS118450	OMIM:118450
OMIM:PS119530	OMIM:613857
OMIM:PS119530	OMIM:608864
OMIM:PS119530	OMIM:602966
OMIM:PS119530	OMIM:613705
OMIM:PS119530	OMIM:129400
OMIM:PS119530	OMIM:129400
OMIM:PS119530	OMIM:608874
OMIM:PS119530	OMIM:608371
OMIM:PS119530	OMIM:119530
OMIM:PS119530	OMIM:612858
OMIM:PS119530	OMIM:225060
OMIM:PS119530	OMIM:225060
OMIM:PS119530	OMIM:610361
OMIM:PS119530	OMIM:600625
OMIM:PS119530	OMIM:600757
OMIM:PS120100	OMIM:120100
OMIM:PS120100	OMIM:616115
OMIM:PS120100	OMIM:614468
OMIM:PS120100	OMIM:611762
OMIM:PS120435	OMIM:613244
OMIM:PS120435	OMIM:120435
OMIM:PS120435	OMIM:614350
OMIM:PS120435	OMIM:614331
OMIM:PS120435	OMIM:609310
OMIM:PS120435	OMIM:614337
OMIM:PS120435	OMIM:614385
OMIM:PS121200	OMIM:121201
OMIM:PS121200	OMIM:121200
OMIM:PS121200	OMIM:121200
OMIM:PS121200	OMIM:608217
OMIM:PS121210	OMIM:604403
OMIM:PS121210	OMIM:604403
OMIM:PS121210	OMIM:613863
OMIM:PS121210	OMIM:613863
OMIM:PS121210	OMIM:611634
OMIM:PS121210	OMIM:612637
OMIM:PS121210	OMIM:604352
OMIM:PS121210	OMIM:611277
OMIM:PS121210	OMIM:611277
OMIM:PS121210	OMIM:609255
OMIM:PS121210	OMIM:121210
OMIM:PS121210	OMIM:614418
OMIM:PS121210	OMIM:609253
OMIM:PS121210	OMIM:602477
OMIM:PS121210	OMIM:611515
OMIM:PS121700	OMIM:217700
OMIM:PS121700	OMIM:121700
OMIM:PS122000	OMIM:609140
OMIM:PS122000	OMIM:609141
OMIM:PS122000	OMIM:122000
OMIM:PS122470	OMIM:122470
OMIM:PS122470	OMIM:614701
OMIM:PS122470	OMIM:610759
OMIM:PS122470	OMIM:300590
OMIM:PS122470	OMIM:300882
OMIM:PS124900	OMIM:612644
OMIM:PS124900	OMIM:600101
OMIM:PS124900	OMIM:608372
OMIM:PS124900	OMIM:601412
OMIM:PS124900	OMIM:615654
OMIM:PS124900	OMIM:608394
OMIM:PS124900	OMIM:603964
OMIM:PS124900	OMIM:606012
OMIM:PS124900	OMIM:607453
OMIM:PS124900	OMIM:600965
OMIM:PS124900	OMIM:612431
OMIM:PS124900	OMIM:606282
OMIM:PS124900	OMIM:607683
OMIM:PS124900	OMIM:615649
OMIM:PS124900	OMIM:124900
OMIM:PS124900	OMIM:602459
OMIM:PS124900	OMIM:607017
OMIM:PS124900	OMIM:608645
OMIM:PS124900	OMIM:601868
OMIM:PS124900	OMIM:606346
OMIM:PS124900	OMIM:606346
OMIM:PS124900	OMIM:601316
OMIM:PS124900	OMIM:600994
OMIM:PS124900	OMIM:613074
OMIM:PS124900	OMIM:608641
OMIM:PS124900	OMIM:608652
OMIM:PS124900	OMIM:613558
OMIM:PS124900	OMIM:606705
OMIM:PS124900	OMIM:615629
OMIM:PS124900	OMIM:612642
OMIM:PS124900	OMIM:601317
OMIM:PS124900	OMIM:601543
OMIM:PS124900	OMIM:607841
OMIM:PS124900	OMIM:605583
OMIM:PS124900	OMIM:614152
OMIM:PS124900	OMIM:608224
OMIM:PS124900	OMIM:601544
OMIM:PS124900	OMIM:612643
OMIM:PS124900	OMIM:614211
OMIM:PS124900	OMIM:609965
OMIM:PS124900	OMIM:601369
OMIM:PS124900	OMIM:605192
OMIM:PS124900	OMIM:606451
OMIM:PS124900	OMIM:616707
OMIM:PS124900	OMIM:616044
OMIM:PS124900	OMIM:616357
OMIM:PS124900	OMIM:604717
OMIM:PS124900	OMIM:614614
OMIM:PS124900	OMIM:600652
OMIM:PS124900	OMIM:616340
OMIM:PS124900	OMIM:603622
OMIM:PS126200	OMIM:612596
OMIM:PS126200	OMIM:126200
OMIM:PS126200	OMIM:612595
OMIM:PS126200	OMIM:126200
OMIM:PS126200	OMIM:126200
OMIM:PS126200	OMIM:612594
OMIM:PS126200	OMIM:614810
OMIM:PS126800	OMIM:604356
OMIM:PS126800	OMIM:126800
OMIM:PS127000	OMIM:244460
OMIM:PS127000	OMIM:127000
OMIM:PS127500	OMIM:615402
OMIM:PS127500	OMIM:127500
OMIM:PS127500	OMIM:612715
OMIM:PS127550	OMIM:127550
OMIM:PS127550	OMIM:613989
OMIM:PS127550	OMIM:613989
OMIM:PS127550	OMIM:613987
OMIM:PS127550	OMIM:613990
OMIM:PS127550	OMIM:268130
OMIM:PS127550	OMIM:224230
OMIM:PS127550	OMIM:616353
OMIM:PS127550	OMIM:616553
OMIM:PS127550	OMIM:616553
OMIM:PS127550	OMIM:613988
OMIM:PS127550	OMIM:615190
OMIM:PS127550	OMIM:615190
OMIM:PS127550	OMIM:305000
OMIM:PS128100	OMIM:607671
OMIM:PS128100	OMIM:224500
OMIM:PS128100	OMIM:601042
OMIM:PS128100	OMIM:612126
OMIM:PS128100	OMIM:614588
OMIM:PS128100	OMIM:611147
OMIM:PS128100	OMIM:612067
OMIM:PS128100	OMIM:118800
OMIM:PS128100	OMIM:616411
OMIM:PS128100	OMIM:159900
OMIM:PS128100	OMIM:602629
OMIM:PS128100	OMIM:128100
OMIM:PS128100	OMIM:614860
OMIM:PS128100	OMIM:615034
OMIM:PS128100	OMIM:128230
OMIM:PS128100	OMIM:128200
OMIM:PS128100	OMIM:611031
OMIM:PS128100	OMIM:607488
OMIM:PS128100	OMIM:602124
OMIM:PS128100	OMIM:615073
OMIM:PS128100	OMIM:128101
OMIM:PS128100	OMIM:128235
OMIM:PS128100	OMIM:612406
OMIM:PS128100	OMIM:616398
OMIM:PS128100	OMIM:314250
OMIM:PS128200	OMIM:128200
OMIM:PS128200	OMIM:611031
OMIM:PS131100	OMIM:171400
OMIM:PS131100	OMIM:162300
OMIM:PS131100	OMIM:131100
OMIM:PS131100	OMIM:610755
OMIM:PS132100	OMIM:132100
OMIM:PS132100	OMIM:609573
OMIM:PS132100	OMIM:609572
OMIM:PS132400	OMIM:600204
OMIM:PS132400	OMIM:607078
OMIM:PS132400	OMIM:226900
OMIM:PS132400	OMIM:614135
OMIM:PS132400	OMIM:132400
OMIM:PS132400	OMIM:600969
OMIM:PS133100	OMIM:609820
OMIM:PS133100	OMIM:611783
OMIM:PS133100	OMIM:263400
OMIM:PS133100	OMIM:133100
OMIM:PS133100	OMIM:133100
OMIM:PS133100	OMIM:133100
OMIM:PS133780	OMIM:613310
OMIM:PS133780	OMIM:605750
OMIM:PS133780	OMIM:616468
OMIM:PS133780	OMIM:601813
OMIM:PS133780	OMIM:133780
OMIM:PS133780	OMIM:133780
OMIM:PS133780	OMIM:305390
OMIM:PS134600	OMIM:615605
OMIM:PS134600	OMIM:613388
OMIM:PS134600	OMIM:134600
OMIM:PS134600	OMIM:616026
OMIM:PS135300	OMIM:609955
OMIM:PS135300	OMIM:135300
OMIM:PS135300	OMIM:605544
OMIM:PS135300	OMIM:611010
OMIM:PS135500	OMIM:135500
OMIM:PS135500	OMIM:616455
OMIM:PS135700	OMIM:616219
OMIM:PS135700	OMIM:602078
OMIM:PS135700	OMIM:135700
OMIM:PS135700	OMIM:135700
OMIM:PS135700	OMIM:609384
OMIM:PS135700	OMIM:600638
OMIM:PS135700	OMIM:609428
OMIM:PS136500	OMIM:227260
OMIM:PS136500	OMIM:614974
OMIM:PS136500	OMIM:136500
OMIM:PS136500	OMIM:614973
OMIM:PS136520	OMIM:136520
OMIM:PS136520	OMIM:609218
OMIM:PS136760	OMIM:136760
OMIM:PS136760	OMIM:613451
OMIM:PS136760	OMIM:613456
OMIM:PS136800	OMIM:136800
OMIM:PS136800	OMIM:613269
OMIM:PS136800	OMIM:613271
OMIM:PS136800	OMIM:613270
OMIM:PS136800	OMIM:610158
OMIM:PS136800	OMIM:615523
OMIM:PS136800	OMIM:613267
OMIM:PS136800	OMIM:613267
OMIM:PS136800	OMIM:613268
OMIM:PS137800	OMIM:137800
OMIM:PS137800	OMIM:613033
OMIM:PS137800	OMIM:616568
OMIM:PS137800	OMIM:613032
OMIM:PS137800	OMIM:613030
OMIM:PS137800	OMIM:613028
OMIM:PS137800	OMIM:613029
OMIM:PS137800	OMIM:607248
OMIM:PS137800	OMIM:137800
OMIM:PS137800	OMIM:137800
OMIM:PS137800	OMIM:613031
OMIM:PS137950	OMIM:137950
OMIM:PS137950	OMIM:601894
OMIM:PS138800	OMIM:606082
OMIM:PS138800	OMIM:138800
OMIM:PS138800	OMIM:300273
OMIM:PS142623	OMIM:606874
OMIM:PS142623	OMIM:611644
OMIM:PS142623	OMIM:613711
OMIM:PS142623	OMIM:600156
OMIM:PS142623	OMIM:142623
OMIM:PS142623	OMIM:600155
OMIM:PS142623	OMIM:608462
OMIM:PS142623	OMIM:606875
OMIM:PS142623	OMIM:613712
OMIM:PS142690	OMIM:142690
OMIM:PS142690	OMIM:613737
OMIM:PS142690	OMIM:613736
OMIM:PS142700	OMIM:615612
OMIM:PS142700	OMIM:142700
OMIM:PS145260	OMIM:145260
OMIM:PS145260	OMIM:614496
OMIM:PS145260	OMIM:614495
OMIM:PS145260	OMIM:614492
OMIM:PS145260	OMIM:614491
OMIM:PS145600	OMIM:601887
OMIM:PS145600	OMIM:600467
OMIM:PS145600	OMIM:601888
OMIM:PS145600	OMIM:154276
OMIM:PS145600	OMIM:154275
OMIM:PS145600	OMIM:145600
OMIM:PS145600	OMIM:145600
OMIM:PS145980	OMIM:145980
OMIM:PS145980	OMIM:145981
OMIM:PS145980	OMIM:600740
OMIM:PS147920	OMIM:147920
OMIM:PS147920	OMIM:300867
OMIM:PS147950	OMIM:614842
OMIM:PS147950	OMIM:614880
OMIM:PS147950	OMIM:615267
OMIM:PS147950	OMIM:610628
OMIM:PS147950	OMIM:146110
OMIM:PS147950	OMIM:614840
OMIM:PS147950	OMIM:615266
OMIM:PS147950	OMIM:614897
OMIM:PS147950	OMIM:616030
OMIM:PS147950	OMIM:615270
OMIM:PS147950	OMIM:614841
OMIM:PS147950	OMIM:147950
OMIM:PS147950	OMIM:612370
OMIM:PS147950	OMIM:614838
OMIM:PS147950	OMIM:612702
OMIM:PS147950	OMIM:614858
OMIM:PS147950	OMIM:229070
OMIM:PS147950	OMIM:614839
OMIM:PS147950	OMIM:615269
OMIM:PS147950	OMIM:614837
OMIM:PS147950	OMIM:228300
OMIM:PS147950	OMIM:244200
OMIM:PS147950	OMIM:615271
OMIM:PS147950	OMIM:308700
OMIM:PS148300	OMIM:609271
OMIM:PS148300	OMIM:608586
OMIM:PS148300	OMIM:614622
OMIM:PS148300	OMIM:614623
OMIM:PS148300	OMIM:614629
OMIM:PS148300	OMIM:614628
OMIM:PS148300	OMIM:608932
OMIM:PS148300	OMIM:148300
OMIM:PS151100	OMIM:611554
OMIM:PS151100	OMIM:613707
OMIM:PS151100	OMIM:151100
OMIM:PS151623	OMIM:609266
OMIM:PS151623	OMIM:151623
OMIM:PS151623	OMIM:609265
OMIM:PS151660	OMIM:151660
OMIM:PS151660	OMIM:615238
OMIM:PS151660	OMIM:604367
OMIM:PS151660	OMIM:604367
OMIM:PS151660	OMIM:604367
OMIM:PS151660	OMIM:613877
OMIM:PS151660	OMIM:615980
OMIM:PS151660	OMIM:608600
OMIM:PS153100	OMIM:613480
OMIM:PS153100	OMIM:615907
OMIM:PS153100	OMIM:153100
OMIM:PS153100	OMIM:611944
OMIM:PS153100	OMIM:153200
OMIM:PS153840	OMIM:616152
OMIM:PS153840	OMIM:608161
OMIM:PS153840	OMIM:616151
OMIM:PS153840	OMIM:153700
OMIM:PS153840	OMIM:153840
OMIM:PS154500	OMIM:154500
OMIM:PS154500	OMIM:248390
OMIM:PS154500	OMIM:613717
OMIM:PS155600	OMIM:155600
OMIM:PS155600	OMIM:608035
OMIM:PS155600	OMIM:614456
OMIM:PS155600	OMIM:615134
OMIM:PS155600	OMIM:615848
OMIM:PS155600	OMIM:155601
OMIM:PS155600	OMIM:155600
OMIM:PS155600	OMIM:609048
OMIM:PS155600	OMIM:613972
OMIM:PS155600	OMIM:613099
OMIM:PS155600	OMIM:612263
OMIM:PS156200	OMIM:614607
OMIM:PS156200	OMIM:615829
OMIM:PS156200	OMIM:616364
OMIM:PS156200	OMIM:615074
OMIM:PS156200	OMIM:612337
OMIM:PS156200	OMIM:616521
OMIM:PS156200	OMIM:615866
OMIM:PS156200	OMIM:156200
OMIM:PS156200	OMIM:614255
OMIM:PS156200	OMIM:615761
OMIM:PS156200	OMIM:615075
OMIM:PS156200	OMIM:616351
OMIM:PS156200	OMIM:613443
OMIM:PS156200	OMIM:613443
OMIM:PS156200	OMIM:616158
OMIM:PS156200	OMIM:612621
OMIM:PS156200	OMIM:616355
OMIM:PS156200	OMIM:614562
OMIM:PS156200	OMIM:615834
OMIM:PS156200	OMIM:616311
OMIM:PS156200	OMIM:616268
OMIM:PS156200	OMIM:614113
OMIM:PS156200	OMIM:614254
OMIM:PS156200	OMIM:610253
OMIM:PS156200	OMIM:616083
OMIM:PS156200	OMIM:615828
OMIM:PS156200	OMIM:615009
OMIM:PS156200	OMIM:612581
OMIM:PS156200	OMIM:613970
OMIM:PS156200	OMIM:616579
OMIM:PS156200	OMIM:614563
OMIM:PS156200	OMIM:615502
OMIM:PS156200	OMIM:612580
OMIM:PS156200	OMIM:610443
OMIM:PS156200	OMIM:616078
OMIM:PS156200	OMIM:614609
OMIM:PS156200	OMIM:616362
OMIM:PS156200	OMIM:614257
OMIM:PS156200	OMIM:615873
OMIM:PS156200	OMIM:616393
OMIM:PS156200	OMIM:614104
OMIM:PS156200	OMIM:614608
OMIM:PS156200	OMIM:614256
OMIM:PS156610	OMIM:156610
OMIM:PS156610	OMIM:616734
OMIM:PS157600	OMIM:614508
OMIM:PS157600	OMIM:157600
OMIM:PS157600	OMIM:616059
OMIM:PS157640	OMIM:616479
OMIM:PS157640	OMIM:609283
OMIM:PS157640	OMIM:613077
OMIM:PS157640	OMIM:615156
OMIM:PS157640	OMIM:609286
OMIM:PS157640	OMIM:157640
OMIM:PS157640	OMIM:258450
OMIM:PS157640	OMIM:610131
OMIM:PS157700	OMIM:607829
OMIM:PS157700	OMIM:607829
OMIM:PS157700	OMIM:610840
OMIM:PS157700	OMIM:157700
OMIM:PS158350	OMIM:612359
OMIM:PS158350	OMIM:615108
OMIM:PS158350	OMIM:615107
OMIM:PS158350	OMIM:158350
OMIM:PS158350	OMIM:158350
OMIM:PS158350	OMIM:615106
OMIM:PS158350	OMIM:615109
OMIM:PS158600	OMIM:615290
OMIM:PS158600	OMIM:158600
OMIM:PS158810	OMIM:158810
OMIM:PS158810	OMIM:616471
OMIM:PS158810	OMIM:158810
OMIM:PS158810	OMIM:158810
OMIM:PS159000	OMIM:159001
OMIM:PS159000	OMIM:607801
OMIM:PS159000	OMIM:613530
OMIM:PS159000	OMIM:609115
OMIM:PS159000	OMIM:159000
OMIM:PS159000	OMIM:608423
OMIM:PS159000	OMIM:603511
OMIM:PS160120	OMIM:606554
OMIM:PS160120	OMIM:613855
OMIM:PS160120	OMIM:612656
OMIM:PS160120	OMIM:160120
OMIM:PS160120	OMIM:108500
OMIM:PS160120	OMIM:611907
OMIM:PS160120	OMIM:606552
OMIM:PS160150	OMIM:255200
OMIM:PS160150	OMIM:160150
OMIM:PS160150	OMIM:614408
OMIM:PS160150	OMIM:614807
OMIM:PS160150	OMIM:160150
OMIM:PS160565	OMIM:160565
OMIM:PS160565	OMIM:615883
OMIM:PS160700	OMIM:610320
OMIM:PS160700	OMIM:614167
OMIM:PS160700	OMIM:609995
OMIM:PS160700	OMIM:609257
OMIM:PS160700	OMIM:615431
OMIM:PS160700	OMIM:609258
OMIM:PS160700	OMIM:609994
OMIM:PS160700	OMIM:615420
OMIM:PS160700	OMIM:612554
OMIM:PS160700	OMIM:613969
OMIM:PS160700	OMIM:608367
OMIM:PS160700	OMIM:609259
OMIM:PS160700	OMIM:612717
OMIM:PS160700	OMIM:609256
OMIM:PS160700	OMIM:615946
OMIM:PS160700	OMIM:603221
OMIM:PS160700	OMIM:614166
OMIM:PS160700	OMIM:255500
OMIM:PS160700	OMIM:608474
OMIM:PS160700	OMIM:160700
OMIM:PS160700	OMIM:608908
OMIM:PS160700	OMIM:300613
OMIM:PS160700	OMIM:310460
OMIM:PS160900	OMIM:602668
OMIM:PS160900	OMIM:160900
OMIM:PS161050	OMIM:151600
OMIM:PS161050	OMIM:607523
OMIM:PS161050	OMIM:614157
OMIM:PS161050	OMIM:605779
OMIM:PS161050	OMIM:614149
OMIM:PS161050	OMIM:206800
OMIM:PS161050	OMIM:107000
OMIM:PS161050	OMIM:149300
OMIM:PS161050	OMIM:161050
OMIM:PS161050	OMIM:164800
OMIM:PS161400	OMIM:605841
OMIM:PS161400	OMIM:614250
OMIM:PS161400	OMIM:612851
OMIM:PS161400	OMIM:161400
OMIM:PS161400	OMIM:614223
OMIM:PS161400	OMIM:609039
OMIM:PS161400	OMIM:612417
OMIM:PS161800	OMIM:609284
OMIM:PS161800	OMIM:609284
OMIM:PS161800	OMIM:161800
OMIM:PS161800	OMIM:161800
OMIM:PS161800	OMIM:161800
OMIM:PS161800	OMIM:256030
OMIM:PS161800	OMIM:615731
OMIM:PS161800	OMIM:615348
OMIM:PS161800	OMIM:616165
OMIM:PS161800	OMIM:609285
OMIM:PS161800	OMIM:609285
OMIM:PS161800	OMIM:610687
OMIM:PS161800	OMIM:609273
OMIM:PS161800	OMIM:605355
OMIM:PS161950	OMIM:613944
OMIM:PS161950	OMIM:161950
OMIM:PS162000	OMIM:613092
OMIM:PS162000	OMIM:614227
OMIM:PS162000	OMIM:162000
OMIM:PS162091	OMIM:615670
OMIM:PS162091	OMIM:162091
OMIM:PS162091	OMIM:162091
OMIM:PS162400	OMIM:608654
OMIM:PS162400	OMIM:256800
OMIM:PS162400	OMIM:614213
OMIM:PS162400	OMIM:608088
OMIM:PS162400	OMIM:615548
OMIM:PS162400	OMIM:613115
OMIM:PS162400	OMIM:614653
OMIM:PS162400	OMIM:162400
OMIM:PS162400	OMIM:223900
OMIM:PS162400	OMIM:616488
OMIM:PS162400	OMIM:615632
OMIM:PS162400	OMIM:201300
OMIM:PS162400	OMIM:613708
OMIM:PS162400	OMIM:613640
OMIM:PS162400	OMIM:614116
OMIM:PS163950	OMIM:613224
OMIM:PS163950	OMIM:615355
OMIM:PS163950	OMIM:610733
OMIM:PS163950	OMIM:611553
OMIM:PS163950	OMIM:613706
OMIM:PS163950	OMIM:609942
OMIM:PS163950	OMIM:163950
OMIM:PS163950	OMIM:616559
OMIM:PS163950	OMIM:616564
OMIM:PS163950	OMIM:605275
OMIM:PS164280	OMIM:164280
OMIM:PS164280	OMIM:614326
OMIM:PS164400	OMIM:607454
OMIM:PS164400	OMIM:615945
OMIM:PS164400	OMIM:607346
OMIM:PS164400	OMIM:608703
OMIM:PS164400	OMIM:606658
OMIM:PS164400	OMIM:117360
OMIM:PS164400	OMIM:164500
OMIM:PS164400	OMIM:616410
OMIM:PS164400	OMIM:613371
OMIM:PS164400	OMIM:604326
OMIM:PS164400	OMIM:164400
OMIM:PS164400	OMIM:615957
OMIM:PS164400	OMIM:133190
OMIM:PS164400	OMIM:607136
OMIM:PS164400	OMIM:607458
OMIM:PS164400	OMIM:613909
OMIM:PS164400	OMIM:608687
OMIM:PS164400	OMIM:600224
OMIM:PS164400	OMIM:183090
OMIM:PS164400	OMIM:183090
OMIM:PS164400	OMIM:608768
OMIM:PS164400	OMIM:608768
OMIM:PS164400	OMIM:609307
OMIM:PS164400	OMIM:616053
OMIM:PS164400	OMIM:109150
OMIM:PS164400	OMIM:604432
OMIM:PS164400	OMIM:117210
OMIM:PS164400	OMIM:600223
OMIM:PS164400	OMIM:610246
OMIM:PS164400	OMIM:609306
OMIM:PS164400	OMIM:183086
OMIM:PS164400	OMIM:605259
OMIM:PS164400	OMIM:605361
OMIM:PS164400	OMIM:610245
OMIM:PS164400	OMIM:613908
OMIM:PS164400	OMIM:614153
OMIM:PS164400	OMIM:603516
OMIM:PS164400	OMIM:612876
OMIM:PS165500	OMIM:165500
OMIM:PS165500	OMIM:616732
OMIM:PS165500	OMIM:258500
OMIM:PS165500	OMIM:612989
OMIM:PS165500	OMIM:616648
OMIM:PS165500	OMIM:605293
OMIM:PS165500	OMIM:165300
OMIM:PS165500	OMIM:610708
OMIM:PS165500	OMIM:616289
OMIM:PS165500	OMIM:311050
OMIM:PS166200	OMIM:610915
OMIM:PS166200	OMIM:610682
OMIM:PS166200	OMIM:616507
OMIM:PS166200	OMIM:259420
OMIM:PS166200	OMIM:166220
OMIM:PS166200	OMIM:166210
OMIM:PS166200	OMIM:614856
OMIM:PS166200	OMIM:615066
OMIM:PS166200	OMIM:610967
OMIM:PS166200	OMIM:616229
OMIM:PS166200	OMIM:613848
OMIM:PS166200	OMIM:615220
OMIM:PS166200	OMIM:613849
OMIM:PS166200	OMIM:259440
OMIM:PS166200	OMIM:613982
OMIM:PS166200	OMIM:610968
OMIM:PS166200	OMIM:166200
OMIM:PS166200	OMIM:259420
OMIM:PS166200	OMIM:166220
OMIM:PS166200	OMIM:166210
OMIM:PS166780	OMIM:166780
OMIM:PS166780	OMIM:615560
OMIM:PS166800	OMIM:608787
OMIM:PS166800	OMIM:608244
OMIM:PS166800	OMIM:611572
OMIM:PS166800	OMIM:605727
OMIM:PS166800	OMIM:612096
OMIM:PS166800	OMIM:166800
OMIM:PS166800	OMIM:611571
OMIM:PS167200	OMIM:615728
OMIM:PS167200	OMIM:615726
OMIM:PS167200	OMIM:167200
OMIM:PS167200	OMIM:167210
OMIM:PS167200	OMIM:260130
OMIM:PS167250	OMIM:606263
OMIM:PS167250	OMIM:167250
OMIM:PS167250	OMIM:239000
OMIM:PS167250	OMIM:602080
OMIM:PS167320	OMIM:615422
OMIM:PS167320	OMIM:167320
OMIM:PS167320	OMIM:615424
OMIM:PS168000	OMIM:115310
OMIM:PS168000	OMIM:605373
OMIM:PS168000	OMIM:614165
OMIM:PS168000	OMIM:601650
OMIM:PS168000	OMIM:168000
OMIM:PS168600	OMIM:606324
OMIM:PS168600	OMIM:606693
OMIM:PS168600	OMIM:606693
OMIM:PS168600	OMIM:605909
OMIM:PS168600	OMIM:606852
OMIM:PS168600	OMIM:615528
OMIM:PS168600	OMIM:168600
OMIM:PS168600	OMIM:613164
OMIM:PS168600	OMIM:602404
OMIM:PS168600	OMIM:610297
OMIM:PS168600	OMIM:607688
OMIM:PS168600	OMIM:616361
OMIM:PS168600	OMIM:614251
OMIM:PS168600	OMIM:613643
OMIM:PS168600	OMIM:168601
OMIM:PS168600	OMIM:605543
OMIM:PS168600	OMIM:168600
OMIM:PS168600	OMIM:600116
OMIM:PS168600	OMIM:168600
OMIM:PS168600	OMIM:607060
OMIM:PS168600	OMIM:168600
OMIM:PS168600	OMIM:614203
OMIM:PS168600	OMIM:168600
OMIM:PS168600	OMIM:615530
OMIM:PS168600	OMIM:260300
OMIM:PS168600	OMIM:612953
OMIM:PS168600	OMIM:300557
OMIM:PS175100	OMIM:608456
OMIM:PS175100	OMIM:175100
OMIM:PS175100	OMIM:175100
OMIM:PS175100	OMIM:175100
OMIM:PS175100	OMIM:616415
OMIM:PS175780	OMIM:175780
OMIM:PS175780	OMIM:614483
OMIM:PS175800	OMIM:612293
OMIM:PS175800	OMIM:175800
OMIM:PS175800	OMIM:616631
OMIM:PS175800	OMIM:175850
OMIM:PS175800	OMIM:175900
OMIM:PS175800	OMIM:607728
OMIM:PS175800	OMIM:614714
OMIM:PS175800	OMIM:612353
OMIM:PS175800	OMIM:616063
OMIM:PS176400	OMIM:615346
OMIM:PS176400	OMIM:176400
OMIM:PS176670	OMIM:176670
OMIM:PS176670	OMIM:614008
OMIM:PS177900	OMIM:605606
OMIM:PS177900	OMIM:605606
OMIM:PS177900	OMIM:603935
OMIM:PS177900	OMIM:614204
OMIM:PS177900	OMIM:616106
OMIM:PS177900	OMIM:604316
OMIM:PS177900	OMIM:601454
OMIM:PS177900	OMIM:607857
OMIM:PS177900	OMIM:612599
OMIM:PS177900	OMIM:177900
OMIM:PS177900	OMIM:614070
OMIM:PS177900	OMIM:610707
OMIM:PS177900	OMIM:602723
OMIM:PS177900	OMIM:612410
OMIM:PS177900	OMIM:605364
OMIM:PS177900	OMIM:612950
OMIM:PS178600	OMIM:615344
OMIM:PS178600	OMIM:178600
OMIM:PS178600	OMIM:178600
OMIM:PS178600	OMIM:615343
OMIM:PS178600	OMIM:615342
OMIM:PS178600	OMIM:265400
OMIM:PS179010	OMIM:612017
OMIM:PS179010	OMIM:179010
OMIM:PS179010	OMIM:610260
OMIM:PS179010	OMIM:612525
OMIM:PS179010	OMIM:300711
OMIM:PS179850	OMIM:127400
OMIM:PS179850	OMIM:615696
OMIM:PS179850	OMIM:179850
OMIM:PS179850	OMIM:615537
OMIM:PS179850	OMIM:615674
OMIM:PS179850	OMIM:615327
OMIM:PS180849	OMIM:610543
OMIM:PS180849	OMIM:180849
OMIM:PS180849	OMIM:613684
OMIM:PS182250	OMIM:182250
OMIM:PS182250	OMIM:616298
OMIM:PS183600	OMIM:606708
OMIM:PS183600	OMIM:605289
OMIM:PS183600	OMIM:183600
OMIM:PS183600	OMIM:220600
OMIM:PS183600	OMIM:246560
OMIM:PS183600	OMIM:225300
OMIM:PS183600	OMIM:313350
OMIM:PS184450	OMIM:614655
OMIM:PS184450	OMIM:609261
OMIM:PS184450	OMIM:614668
OMIM:PS184450	OMIM:184450
OMIM:PS185800	OMIM:185800
OMIM:PS185800	OMIM:615298
OMIM:PS186500	OMIM:612961
OMIM:PS186500	OMIM:186500
OMIM:PS186500	OMIM:610017
OMIM:PS187300	OMIM:601101
OMIM:PS187300	OMIM:610655
OMIM:PS187300	OMIM:187300
OMIM:PS187300	OMIM:615506
OMIM:PS187300	OMIM:600376
OMIM:PS187950	OMIM:601977
OMIM:PS187950	OMIM:187950
OMIM:PS187950	OMIM:614521
OMIM:PS187950	OMIM:187950
OMIM:PS187950	OMIM:187950
OMIM:PS187950	OMIM:300331
OMIM:PS188050	OMIM:188050
OMIM:PS188050	OMIM:188055
OMIM:PS188050	OMIM:188055
OMIM:PS188050	OMIM:613118
OMIM:PS188050	OMIM:176860
OMIM:PS188050	OMIM:612304
OMIM:PS188050	OMIM:612336
OMIM:PS188050	OMIM:614514
OMIM:PS188050	OMIM:613116
OMIM:PS188050	OMIM:613116
OMIM:PS188050	OMIM:188050
OMIM:PS188050	OMIM:612348
OMIM:PS188050	OMIM:612348
OMIM:PS188050	OMIM:188050
OMIM:PS188050	OMIM:188050
OMIM:PS188050	OMIM:614486
OMIM:PS188050	OMIM:612356
OMIM:PS188050	OMIM:300807
OMIM:PS188050	OMIM:300807
OMIM:PS188550	OMIM:188470
OMIM:PS188550	OMIM:606240
OMIM:PS188550	OMIM:616534
OMIM:PS188550	OMIM:188470
OMIM:PS188550	OMIM:616535
OMIM:PS188550	OMIM:188470
OMIM:PS188550	OMIM:188470
OMIM:PS188550	OMIM:188550
OMIM:PS189800	OMIM:189800
OMIM:PS189800	OMIM:609402
OMIM:PS189800	OMIM:189800
OMIM:PS189800	OMIM:614595
OMIM:PS189800	OMIM:189800
OMIM:PS189800	OMIM:609403
OMIM:PS189800	OMIM:609404
OMIM:PS190300	OMIM:602134
OMIM:PS190300	OMIM:190300
OMIM:PS190300	OMIM:611456
OMIM:PS190300	OMIM:616736
OMIM:PS190300	OMIM:614782
OMIM:PS190440	OMIM:190440
OMIM:PS190440	OMIM:614485
OMIM:PS191100	OMIM:191100
OMIM:PS191100	OMIM:613254
OMIM:PS191100	OMIM:613254
OMIM:PS192500	OMIM:616249
OMIM:PS192500	OMIM:611818
OMIM:PS192500	OMIM:603830
OMIM:PS192500	OMIM:600919
OMIM:PS192500	OMIM:600919
OMIM:PS192500	OMIM:611820
OMIM:PS192500	OMIM:613688
OMIM:PS192500	OMIM:613688
OMIM:PS192500	OMIM:192500
OMIM:PS192500	OMIM:192500
OMIM:PS192500	OMIM:611819
OMIM:PS192500	OMIM:611819
OMIM:PS192500	OMIM:613485
OMIM:PS192500	OMIM:601005
OMIM:PS192500	OMIM:613688
OMIM:PS192500	OMIM:616247
OMIM:PS192500	OMIM:170390
OMIM:PS192500	OMIM:612955
OMIM:PS192500	OMIM:613693
OMIM:PS192500	OMIM:613695
OMIM:PS192600	OMIM:613876
OMIM:PS192600	OMIM:115195
OMIM:PS192600	OMIM:612158
OMIM:PS192600	OMIM:612158
OMIM:PS192600	OMIM:613765
OMIM:PS192600	OMIM:192600
OMIM:PS192600	OMIM:608751
OMIM:PS192600	OMIM:613243
OMIM:PS192600	OMIM:613838
OMIM:PS192600	OMIM:613874
OMIM:PS192600	OMIM:614676
OMIM:PS192600	OMIM:600858
OMIM:PS192600	OMIM:615248
OMIM:PS192600	OMIM:615248
OMIM:PS192600	OMIM:615248
OMIM:PS192600	OMIM:613255
OMIM:PS192600	OMIM:601493
OMIM:PS192600	OMIM:601493
OMIM:PS192600	OMIM:601493
OMIM:PS192600	OMIM:612124
OMIM:PS192600	OMIM:115197
OMIM:PS192600	OMIM:608758
OMIM:PS192600	OMIM:613251
OMIM:PS192600	OMIM:192600
OMIM:PS192600	OMIM:612098
OMIM:PS192600	OMIM:115196
OMIM:PS192600	OMIM:607487
OMIM:PS192600	OMIM:613875
OMIM:PS192600	OMIM:613690
OMIM:PS192600	OMIM:192600
OMIM:PS192600	OMIM:613873
OMIM:PS193000	OMIM:193000
OMIM:PS193000	OMIM:610878
OMIM:PS193000	OMIM:614317
OMIM:PS193000	OMIM:615963
OMIM:PS193000	OMIM:613674
OMIM:PS193000	OMIM:615390
OMIM:PS193000	OMIM:614318
OMIM:PS193000	OMIM:614319
OMIM:PS193100	OMIM:241520
OMIM:PS193100	OMIM:613312
OMIM:PS193100	OMIM:193100
OMIM:PS193100	OMIM:307800
OMIM:PS193100	OMIM:300554
OMIM:PS193500	OMIM:600193
OMIM:PS193500	OMIM:193500
OMIM:PS193500	OMIM:148820
OMIM:PS193500	OMIM:103470
OMIM:PS193500	OMIM:193510
OMIM:PS193500	OMIM:606662
OMIM:PS193500	OMIM:608890
OMIM:PS193500	OMIM:103470
OMIM:PS193500	OMIM:277580
OMIM:PS193500	OMIM:613265
OMIM:PS193500	OMIM:613266
OMIM:PS193500	OMIM:611584
OMIM:PS193900	OMIM:193900
OMIM:PS193900	OMIM:615785
OMIM:PS194070	OMIM:601583
OMIM:PS194070	OMIM:194071
OMIM:PS194070	OMIM:194070
OMIM:PS194070	OMIM:194070
OMIM:PS194070	OMIM:194090
OMIM:PS194070	OMIM:601363
OMIM:PS194070	OMIM:194070
OMIM:PS200600	OMIM:600972
OMIM:PS200600	OMIM:200610
OMIM:PS200600	OMIM:200600
OMIM:PS201000	OMIM:201000
OMIM:PS201000	OMIM:614976
OMIM:PS202700	OMIM:613107
OMIM:PS202700	OMIM:615285
OMIM:PS202700	OMIM:610738
OMIM:PS202700	OMIM:616022
OMIM:PS202700	OMIM:612541
OMIM:PS202700	OMIM:612541
OMIM:PS202700	OMIM:202700
OMIM:PS202700	OMIM:300299
OMIM:PS203100	OMIM:615312
OMIM:PS203100	OMIM:606574
OMIM:PS203100	OMIM:203290
OMIM:PS203100	OMIM:615179
OMIM:PS203100	OMIM:606952
OMIM:PS203100	OMIM:203100
OMIM:PS203100	OMIM:203200
OMIM:PS203100	OMIM:203200
OMIM:PS203100	OMIM:113750
OMIM:PS203100	OMIM:113750
OMIM:PS203100	OMIM:203200
OMIM:PS203300	OMIM:614072
OMIM:PS203300	OMIM:608233
OMIM:PS203300	OMIM:614076
OMIM:PS203300	OMIM:203300
OMIM:PS203300	OMIM:614075
OMIM:PS203300	OMIM:614074
OMIM:PS203300	OMIM:614171
OMIM:PS203300	OMIM:614077
OMIM:PS203300	OMIM:614073
OMIM:PS203650	OMIM:610422
OMIM:PS203650	OMIM:203650
OMIM:PS203650	OMIM:613930
OMIM:PS203655	OMIM:109200
OMIM:PS203655	OMIM:203655
OMIM:PS203655	OMIM:610753
OMIM:PS203655	OMIM:104000
OMIM:PS203655	OMIM:612421
OMIM:PS203655	OMIM:300710
OMIM:PS203655	OMIM:104110
OMIM:PS203655	OMIM:300042
OMIM:PS204000	OMIM:608553
OMIM:PS204000	OMIM:204100
OMIM:PS204000	OMIM:613835
OMIM:PS204000	OMIM:610612
OMIM:PS204000	OMIM:614186
OMIM:PS204000	OMIM:613341
OMIM:PS204000	OMIM:613341
OMIM:PS204000	OMIM:613341
OMIM:PS204000	OMIM:613843
OMIM:PS204000	OMIM:608133
OMIM:PS204000	OMIM:608133
OMIM:PS204000	OMIM:604537
OMIM:PS204000	OMIM:613837
OMIM:PS204000	OMIM:615360
OMIM:PS204000	OMIM:608133
OMIM:PS204000	OMIM:611755
OMIM:PS204000	OMIM:613826
OMIM:PS204000	OMIM:612712
OMIM:PS204000	OMIM:604232
OMIM:PS204000	OMIM:604232
OMIM:PS204000	OMIM:604393
OMIM:PS204000	OMIM:604393
OMIM:PS204000	OMIM:604393
OMIM:PS204000	OMIM:204000
OMIM:PS204000	OMIM:613829
OMIM:PS206100	OMIM:615234
OMIM:PS206100	OMIM:206100
OMIM:PS208000	OMIM:208000
OMIM:PS208000	OMIM:614473
OMIM:PS208085	OMIM:613404
OMIM:PS208085	OMIM:208085
OMIM:PS208500	OMIM:614091
OMIM:PS208500	OMIM:615630
OMIM:PS208500	OMIM:613819
OMIM:PS208500	OMIM:611263
OMIM:PS208500	OMIM:225500
OMIM:PS208500	OMIM:225500
OMIM:PS208500	OMIM:614376
OMIM:PS208500	OMIM:263520
OMIM:PS208500	OMIM:616300
OMIM:PS208500	OMIM:615503
OMIM:PS208500	OMIM:615633
OMIM:PS208500	OMIM:613091
OMIM:PS208500	OMIM:616546
OMIM:PS208500	OMIM:208500
OMIM:PS208500	OMIM:266920
OMIM:PS208500	OMIM:269860
OMIM:PS208540	OMIM:208540
OMIM:PS208540	OMIM:615415
OMIM:PS209850	OMIM:610836
OMIM:PS209850	OMIM:606053
OMIM:PS209850	OMIM:613410
OMIM:PS209850	OMIM:607373
OMIM:PS209850	OMIM:615091
OMIM:PS209850	OMIM:209850
OMIM:PS209850	OMIM:611015
OMIM:PS209850	OMIM:612100
OMIM:PS209850	OMIM:611016
OMIM:PS209850	OMIM:613436
OMIM:PS209850	OMIM:610908
OMIM:PS209850	OMIM:608049
OMIM:PS209850	OMIM:615032
OMIM:PS209850	OMIM:608636
OMIM:PS209850	OMIM:611913
OMIM:PS209850	OMIM:611913
OMIM:PS209850	OMIM:609378
OMIM:PS209850	OMIM:610676
OMIM:PS209850	OMIM:610838
OMIM:PS209850	OMIM:300495
OMIM:PS209850	OMIM:300495
OMIM:PS209850	OMIM:300830
OMIM:PS209850	OMIM:300425
OMIM:PS209850	OMIM:300496
OMIM:PS209850	OMIM:300847
OMIM:PS209850	OMIM:300872
OMIM:PS209900	OMIM:209900
OMIM:PS209900	OMIM:615993
OMIM:PS209900	OMIM:615992
OMIM:PS209900	OMIM:615983
OMIM:PS209900	OMIM:615994
OMIM:PS209900	OMIM:600151
OMIM:PS209900	OMIM:209900
OMIM:PS209900	OMIM:615984
OMIM:PS209900	OMIM:615989
OMIM:PS209900	OMIM:615986
OMIM:PS209900	OMIM:615991
OMIM:PS209900	OMIM:615988
OMIM:PS209900	OMIM:615995
OMIM:PS209900	OMIM:209900
OMIM:PS209900	OMIM:615987
OMIM:PS209900	OMIM:615991
OMIM:PS209900	OMIM:615985
OMIM:PS209900	OMIM:615982
OMIM:PS209900	OMIM:615981
OMIM:PS209900	OMIM:615990
OMIM:PS209900	OMIM:605231
OMIM:PS209900	OMIM:615996
OMIM:PS210200	OMIM:210200
OMIM:PS210200	OMIM:210210
OMIM:PS210600	OMIM:614728
OMIM:PS210600	OMIM:210600
OMIM:PS210600	OMIM:615807
OMIM:PS210600	OMIM:613676
OMIM:PS210600	OMIM:614851
OMIM:PS210600	OMIM:613823
OMIM:PS210600	OMIM:606744
OMIM:PS211400	OMIM:211400
OMIM:PS211400	OMIM:613021
OMIM:PS211400	OMIM:613071
OMIM:PS211400	OMIM:211400
OMIM:PS211530	OMIM:614707
OMIM:PS211530	OMIM:211530
OMIM:PS212065	OMIM:614507
OMIM:PS212065	OMIM:603147
OMIM:PS212065	OMIM:614921
OMIM:PS212065	OMIM:612937
OMIM:PS212065	OMIM:616457
OMIM:PS212065	OMIM:615597
OMIM:PS212065	OMIM:612015
OMIM:PS212065	OMIM:601110
OMIM:PS212065	OMIM:612379
OMIM:PS212065	OMIM:607906
OMIM:PS212065	OMIM:615042
OMIM:PS212065	OMIM:610768
OMIM:PS212065	OMIM:608104
OMIM:PS212065	OMIM:608776
OMIM:PS212065	OMIM:608093
OMIM:PS212065	OMIM:615596
OMIM:PS212065	OMIM:613661
OMIM:PS212065	OMIM:602579
OMIM:PS212065	OMIM:608540
OMIM:PS212065	OMIM:212065
OMIM:PS212065	OMIM:609180
OMIM:PS212065	OMIM:608799
OMIM:PS212065	OMIM:607143
OMIM:PS212065	OMIM:300884
OMIM:PS212065	OMIM:300934
OMIM:PS212066	OMIM:606056
OMIM:PS212066	OMIM:614727
OMIM:PS212066	OMIM:616721
OMIM:PS212066	OMIM:603585
OMIM:PS212066	OMIM:613612
OMIM:PS212066	OMIM:607091
OMIM:PS212066	OMIM:266265
OMIM:PS212066	OMIM:614576
OMIM:PS212066	OMIM:212066
OMIM:PS212066	OMIM:608779
OMIM:PS212066	OMIM:611182
OMIM:PS212066	OMIM:613489
OMIM:PS212066	OMIM:611209
OMIM:PS212066	OMIM:300896
OMIM:PS212750	OMIM:612005
OMIM:PS212750	OMIM:612006
OMIM:PS212750	OMIM:609755
OMIM:PS212750	OMIM:612007
OMIM:PS212750	OMIM:612008
OMIM:PS212750	OMIM:612009
OMIM:PS212750	OMIM:611598
OMIM:PS212750	OMIM:611598
OMIM:PS212750	OMIM:609754
OMIM:PS212750	OMIM:212750
OMIM:PS212750	OMIM:212750
OMIM:PS212750	OMIM:612010
OMIM:PS212750	OMIM:612011
OMIM:PS212750	OMIM:607202
OMIM:PS212750	OMIM:609753
OMIM:PS213300	OMIM:609583
OMIM:PS213300	OMIM:614424
OMIM:PS213300	OMIM:615665
OMIM:PS213300	OMIM:612291
OMIM:PS213300	OMIM:612285
OMIM:PS213300	OMIM:614615
OMIM:PS213300	OMIM:608629
OMIM:PS213300	OMIM:614464
OMIM:PS213300	OMIM:615636
OMIM:PS213300	OMIM:610688
OMIM:PS213300	OMIM:213300
OMIM:PS213300	OMIM:614815
OMIM:PS213300	OMIM:614465
OMIM:PS213300	OMIM:608091
OMIM:PS213300	OMIM:610188
OMIM:PS213300	OMIM:614173
OMIM:PS213300	OMIM:616654
OMIM:PS213300	OMIM:616490
OMIM:PS213300	OMIM:200990
OMIM:PS213300	OMIM:200990
OMIM:PS213300	OMIM:614844
OMIM:PS213300	OMIM:614844
OMIM:PS213300	OMIM:611560
OMIM:PS213300	OMIM:614970
OMIM:PS213300	OMIM:300804
OMIM:PS213600	OMIM:616413
OMIM:PS213600	OMIM:606656
OMIM:PS213600	OMIM:615007
OMIM:PS213600	OMIM:213600
OMIM:PS213600	OMIM:615483
OMIM:PS214100	OMIM:614871
OMIM:PS214100	OMIM:614870
OMIM:PS214100	OMIM:614887
OMIM:PS214100	OMIM:614920
OMIM:PS214100	OMIM:614886
OMIM:PS214100	OMIM:614885
OMIM:PS214100	OMIM:614883
OMIM:PS214100	OMIM:614863
OMIM:PS214100	OMIM:616617
OMIM:PS214100	OMIM:614862
OMIM:PS214100	OMIM:215100
OMIM:PS214100	OMIM:614879
OMIM:PS214100	OMIM:614882
OMIM:PS214100	OMIM:601539
OMIM:PS214100	OMIM:234580
OMIM:PS214100	OMIM:214100
OMIM:PS214100	OMIM:614867
OMIM:PS214100	OMIM:614866
OMIM:PS214100	OMIM:614876
OMIM:PS214100	OMIM:614877
OMIM:PS214100	OMIM:202370
OMIM:PS214100	OMIM:214110
OMIM:PS214100	OMIM:266510
OMIM:PS214100	OMIM:614859
OMIM:PS214100	OMIM:614873
OMIM:PS214100	OMIM:614872
OMIM:PS214150	OMIM:214150
OMIM:PS214150	OMIM:616570
OMIM:PS214150	OMIM:610756
OMIM:PS214150	OMIM:610758
OMIM:PS214450	OMIM:609227
OMIM:PS214450	OMIM:214450
OMIM:PS214450	OMIM:607624
OMIM:PS214700	OMIM:613217
OMIM:PS214700	OMIM:214700
OMIM:PS214700	OMIM:615863
OMIM:PS214700	OMIM:610370
OMIM:PS214700	OMIM:614616
OMIM:PS214700	OMIM:251850
OMIM:PS214700	OMIM:270420
OMIM:PS215100	OMIM:222765
OMIM:PS215100	OMIM:600121
OMIM:PS215100	OMIM:215100
OMIM:PS215100	OMIM:616716
OMIM:PS215500	OMIM:613105
OMIM:PS215500	OMIM:215500
OMIM:PS215500	OMIM:613144
OMIM:PS218330	OMIM:613610
OMIM:PS218330	OMIM:218330
OMIM:PS218330	OMIM:614378
OMIM:PS218330	OMIM:614099
OMIM:PS220210	OMIM:220210
OMIM:PS220210	OMIM:300963
OMIM:PS220290	OMIM:614414
OMIM:PS220290	OMIM:609006
OMIM:PS220290	OMIM:220290
OMIM:PS220290	OMIM:608653
OMIM:PS220290	OMIM:600791
OMIM:PS220290	OMIM:612433
OMIM:PS220290	OMIM:609946
OMIM:PS220290	OMIM:601071
OMIM:PS220290	OMIM:601071
OMIM:PS220290	OMIM:614934
OMIM:PS220290	OMIM:615429
OMIM:PS220290	OMIM:605818
OMIM:PS220290	OMIM:610220
OMIM:PS220290	OMIM:601386
OMIM:PS220290	OMIM:600971
OMIM:PS220290	OMIM:609646
OMIM:PS220290	OMIM:613285
OMIM:PS220290	OMIM:609952
OMIM:PS220290	OMIM:605428
OMIM:PS220290	OMIM:610153
OMIM:PS220290	OMIM:615837
OMIM:PS220290	OMIM:600791
OMIM:PS220290	OMIM:613453
OMIM:PS220290	OMIM:610212
OMIM:PS220290	OMIM:616515
OMIM:PS220290	OMIM:609706
OMIM:PS220290	OMIM:610265
OMIM:PS220290	OMIM:616042
OMIM:PS220290	OMIM:607821
OMIM:PS220290	OMIM:608219
OMIM:PS220290	OMIM:610154
OMIM:PS220290	OMIM:608265
OMIM:PS220290	OMIM:613865
OMIM:PS220290	OMIM:600791
OMIM:PS220290	OMIM:603678
OMIM:PS220290	OMIM:603010
OMIM:PS220290	OMIM:616705
OMIM:PS220290	OMIM:603098
OMIM:PS220290	OMIM:612789
OMIM:PS220290	OMIM:613685
OMIM:PS220290	OMIM:600974
OMIM:PS220290	OMIM:607084
OMIM:PS220290	OMIM:613307
OMIM:PS220290	OMIM:607101
OMIM:PS220290	OMIM:607239
OMIM:PS220290	OMIM:609533
OMIM:PS220290	OMIM:601386
OMIM:PS220290	OMIM:602092
OMIM:PS220290	OMIM:614945
OMIM:PS220290	OMIM:609941
OMIM:PS220290	OMIM:614899
OMIM:PS220290	OMIM:611451
OMIM:PS220290	OMIM:600060
OMIM:PS220290	OMIM:611022
OMIM:PS220290	OMIM:603629
OMIM:PS220290	OMIM:604060
OMIM:PS220290	OMIM:610143
OMIM:PS220290	OMIM:615974
OMIM:PS220290	OMIM:613718
OMIM:PS220290	OMIM:614944
OMIM:PS220290	OMIM:613391
OMIM:PS220290	OMIM:220290
OMIM:PS220290	OMIM:612645
OMIM:PS220290	OMIM:220290
OMIM:PS220290	OMIM:600792
OMIM:PS220290	OMIM:608565
OMIM:PS220290	OMIM:603720
OMIM:PS220290	OMIM:609439
OMIM:PS220290	OMIM:614617
OMIM:PS220290	OMIM:607039
OMIM:PS220290	OMIM:613916
OMIM:PS220290	OMIM:613392
OMIM:PS220290	OMIM:600316
OMIM:PS220290	OMIM:609647
OMIM:PS220290	OMIM:613079
OMIM:PS220290	OMIM:601869
OMIM:PS220290	OMIM:610419
OMIM:PS220290	OMIM:615540
OMIM:PS220290	OMIM:610248
OMIM:PS220290	OMIM:614035
OMIM:PS220290	OMIM:601072
OMIM:PS220290	OMIM:614861
OMIM:PS220290	OMIM:608264
OMIM:PS220290	OMIM:609823
OMIM:PS221900	OMIM:221900
OMIM:PS221900	OMIM:221900
OMIM:PS221900	OMIM:611308
OMIM:PS222470	OMIM:222470
OMIM:PS222470	OMIM:614602
OMIM:PS224050	OMIM:613227
OMIM:PS224050	OMIM:224050
OMIM:PS224050	OMIM:615268
OMIM:PS224050	OMIM:610185
OMIM:PS224120	OMIM:615631
OMIM:PS224120	OMIM:224120
OMIM:PS224120	OMIM:105600
OMIM:PS224120	OMIM:613673
OMIM:PS224120	OMIM:224100
OMIM:PS224690	OMIM:224690
OMIM:PS224690	OMIM:613800
OMIM:PS224690	OMIM:613803
OMIM:PS224690	OMIM:613804
OMIM:PS224690	OMIM:613805
OMIM:PS225750	OMIM:615010
OMIM:PS225750	OMIM:615846
OMIM:PS225750	OMIM:225750
OMIM:PS225750	OMIM:610329
OMIM:PS225750	OMIM:610181
OMIM:PS225750	OMIM:610333
OMIM:PS225750	OMIM:612952
OMIM:PS227220	OMIM:227240
OMIM:PS227220	OMIM:227240
OMIM:PS227220	OMIM:227240
OMIM:PS227220	OMIM:611724
OMIM:PS227220	OMIM:612271
OMIM:PS227220	OMIM:612271
OMIM:PS227220	OMIM:612267
OMIM:PS227220	OMIM:601800
OMIM:PS227220	OMIM:601800
OMIM:PS227220	OMIM:601800
OMIM:PS227220	OMIM:611664
OMIM:PS227220	OMIM:210750
OMIM:PS227220	OMIM:210750
OMIM:PS227220	OMIM:227220
OMIM:PS227220	OMIM:227220
OMIM:PS227220	OMIM:227220
OMIM:PS227220	OMIM:227220
OMIM:PS227220	OMIM:113750
OMIM:PS227220	OMIM:113750
OMIM:PS227220	OMIM:266300
OMIM:PS227220	OMIM:266300
OMIM:PS227220	OMIM:266300
OMIM:PS227220	OMIM:611742
OMIM:PS227220	OMIM:611742
OMIM:PS227650	OMIM:616435
OMIM:PS227650	OMIM:614083
OMIM:PS227650	OMIM:227646
OMIM:PS227650	OMIM:600901
OMIM:PS227650	OMIM:614082
OMIM:PS227650	OMIM:227645
OMIM:PS227650	OMIM:603467
OMIM:PS227650	OMIM:605724
OMIM:PS227650	OMIM:609053
OMIM:PS227650	OMIM:613951
OMIM:PS227650	OMIM:615272
OMIM:PS227650	OMIM:610832
OMIM:PS227650	OMIM:227650
OMIM:PS227650	OMIM:613390
OMIM:PS227650	OMIM:609054
OMIM:PS227650	OMIM:300514
OMIM:PS228520	OMIM:228520
OMIM:PS228520	OMIM:614524
OMIM:PS228550	OMIM:228550
OMIM:PS228550	OMIM:615293
OMIM:PS229200	OMIM:614170
OMIM:PS229200	OMIM:229200
OMIM:PS231050	OMIM:231050
OMIM:PS231050	OMIM:614185
OMIM:PS231090	OMIM:614293
OMIM:PS231090	OMIM:231090
OMIM:PS231200	OMIM:139090
OMIM:PS231200	OMIM:231200
OMIM:PS231200	OMIM:609821
OMIM:PS231200	OMIM:614200
OMIM:PS231200	OMIM:608404
OMIM:PS231200	OMIM:614158
OMIM:PS231200	OMIM:616176
OMIM:PS231200	OMIM:187900
OMIM:PS231200	OMIM:601709
OMIM:PS231200	OMIM:615888
OMIM:PS231200	OMIM:262890
OMIM:PS231200	OMIM:615193
OMIM:PS231200	OMIM:609821
OMIM:PS231200	OMIM:231200
OMIM:PS231200	OMIM:177820
OMIM:PS231200	OMIM:187800
OMIM:PS231200	OMIM:273800
OMIM:PS231200	OMIM:273800
OMIM:PS231200	OMIM:187800
OMIM:PS231200	OMIM:614009
OMIM:PS231200	OMIM:614201
OMIM:PS231200	OMIM:231200
OMIM:PS231200	OMIM:231200
OMIM:PS231200	OMIM:155100
OMIM:PS231200	OMIM:605735
OMIM:PS233300	OMIM:233300
OMIM:PS233300	OMIM:616185
OMIM:PS233300	OMIM:614324
OMIM:PS233300	OMIM:300510
OMIM:PS233300	OMIM:300510
OMIM:PS233400	OMIM:615300
OMIM:PS233400	OMIM:233400
OMIM:PS233400	OMIM:614926
OMIM:PS233400	OMIM:616138
OMIM:PS233400	OMIM:614129
OMIM:PS234200	OMIM:615643
OMIM:PS234200	OMIM:614298
OMIM:PS234200	OMIM:606159
OMIM:PS234200	OMIM:234200
OMIM:PS234200	OMIM:610217
OMIM:PS234200	OMIM:256600
OMIM:PS234200	OMIM:300894
OMIM:PS235200	OMIM:602390
OMIM:PS235200	OMIM:606069
OMIM:PS235200	OMIM:235200
OMIM:PS235200	OMIM:604250
OMIM:PS235200	OMIM:615517
OMIM:PS235200	OMIM:613313
OMIM:PS235200	OMIM:235200
OMIM:PS235200	OMIM:601195
OMIM:PS235400	OMIM:235400
OMIM:PS235400	OMIM:235400
OMIM:PS235400	OMIM:235400
OMIM:PS235400	OMIM:612922
OMIM:PS235400	OMIM:612923
OMIM:PS235400	OMIM:612924
OMIM:PS235400	OMIM:615008
OMIM:PS235400	OMIM:615008
OMIM:PS235400	OMIM:612925
OMIM:PS235400	OMIM:612926
OMIM:PS236100	OMIM:612530
OMIM:PS236100	OMIM:157170
OMIM:PS236100	OMIM:610829
OMIM:PS236100	OMIM:605934
OMIM:PS236100	OMIM:142945
OMIM:PS236100	OMIM:610828
OMIM:PS236100	OMIM:614226
OMIM:PS236100	OMIM:609637
OMIM:PS236100	OMIM:609408
OMIM:PS236100	OMIM:142946
OMIM:PS236100	OMIM:236100
OMIM:PS236670	OMIM:253280
OMIM:PS236670	OMIM:615181
OMIM:PS236670	OMIM:614830
OMIM:PS236670	OMIM:616538
OMIM:PS236670	OMIM:615350
OMIM:PS236670	OMIM:614643
OMIM:PS236670	OMIM:615249
OMIM:PS236670	OMIM:253800
OMIM:PS236670	OMIM:236670
OMIM:PS236670	OMIM:615287
OMIM:PS236670	OMIM:615041
OMIM:PS236670	OMIM:613150
OMIM:PS236670	OMIM:613153
OMIM:PS236670	OMIM:613154
OMIM:PS236680	OMIM:236680
OMIM:PS236680	OMIM:614120
OMIM:PS236730	OMIM:615112
OMIM:PS236730	OMIM:236730
OMIM:PS237450	OMIM:606785
OMIM:PS237450	OMIM:143500
OMIM:PS237450	OMIM:237900
OMIM:PS237450	OMIM:218800
OMIM:PS237450	OMIM:237500
OMIM:PS237450	OMIM:237450
OMIM:PS237450	OMIM:237450
OMIM:PS239300	OMIM:239300
OMIM:PS239300	OMIM:614749
OMIM:PS239300	OMIM:614207
OMIM:PS239300	OMIM:616025
OMIM:PS239300	OMIM:615716
OMIM:PS241550	OMIM:614435
OMIM:PS241550	OMIM:241550
OMIM:PS242300	OMIM:601277
OMIM:PS242300	OMIM:242500
OMIM:PS242300	OMIM:612281
OMIM:PS242300	OMIM:615024
OMIM:PS242300	OMIM:613943
OMIM:PS242300	OMIM:602400
OMIM:PS242300	OMIM:615022
OMIM:PS242300	OMIM:242300
OMIM:PS242300	OMIM:615023
OMIM:PS242300	OMIM:242100
OMIM:PS242300	OMIM:606545
OMIM:PS242300	OMIM:604777
OMIM:PS242860	OMIM:614069
OMIM:PS242860	OMIM:242860
OMIM:PS243310	OMIM:243310
OMIM:PS243310	OMIM:614583
OMIM:PS244400	OMIM:616369
OMIM:PS244400	OMIM:615294
OMIM:PS244400	OMIM:615444
OMIM:PS244400	OMIM:613807
OMIM:PS244400	OMIM:608644
OMIM:PS244400	OMIM:615872
OMIM:PS244400	OMIM:612650
OMIM:PS244400	OMIM:612649
OMIM:PS244400	OMIM:616481
OMIM:PS244400	OMIM:614874
OMIM:PS244400	OMIM:611884
OMIM:PS244400	OMIM:610852
OMIM:PS244400	OMIM:615505
OMIM:PS244400	OMIM:614935
OMIM:PS244400	OMIM:244400
OMIM:PS244400	OMIM:615451
OMIM:PS244400	OMIM:615504
OMIM:PS244400	OMIM:612518
OMIM:PS244400	OMIM:614017
OMIM:PS244400	OMIM:608646
OMIM:PS244400	OMIM:615482
OMIM:PS244400	OMIM:612274
OMIM:PS244400	OMIM:608647
OMIM:PS244400	OMIM:613193
OMIM:PS244400	OMIM:616726
OMIM:PS244400	OMIM:614679
OMIM:PS244400	OMIM:612444
OMIM:PS244400	OMIM:613808
OMIM:PS244400	OMIM:616037
OMIM:PS244400	OMIM:615067
OMIM:PS244400	OMIM:606763
OMIM:PS244400	OMIM:615500
OMIM:PS244400	OMIM:615481
OMIM:PS248370	OMIM:608612
OMIM:PS248370	OMIM:248370
OMIM:PS248600	OMIM:248600
OMIM:PS248600	OMIM:615135
OMIM:PS248600	OMIM:248600
OMIM:PS248600	OMIM:246900
OMIM:PS248600	OMIM:248600
OMIM:PS249000	OMIM:616258
OMIM:PS249000	OMIM:267010
OMIM:PS249000	OMIM:612284
OMIM:PS249000	OMIM:607361
OMIM:PS249000	OMIM:603194
OMIM:PS249000	OMIM:611134
OMIM:PS249000	OMIM:613885
OMIM:PS249000	OMIM:611561
OMIM:PS249000	OMIM:615397
OMIM:PS249000	OMIM:614209
OMIM:PS249000	OMIM:249000
OMIM:PS249000	OMIM:614175
OMIM:PS249270	OMIM:249270
OMIM:PS249270	OMIM:607483
OMIM:PS249270	OMIM:614458
OMIM:PS249270	OMIM:613710
OMIM:PS249270	OMIM:607196
OMIM:PS249500	OMIM:611090
OMIM:PS249500	OMIM:611107
OMIM:PS249500	OMIM:616269
OMIM:PS249500	OMIM:616193
OMIM:PS249500	OMIM:616739
OMIM:PS249500	OMIM:615802
OMIM:PS249500	OMIM:607417
OMIM:PS249500	OMIM:614329
OMIM:PS249500	OMIM:249500
OMIM:PS249500	OMIM:614333
OMIM:PS249500	OMIM:611091
OMIM:PS249500	OMIM:616116
OMIM:PS249500	OMIM:614345
OMIM:PS249500	OMIM:614342
OMIM:PS249500	OMIM:611092
OMIM:PS249500	OMIM:614249
OMIM:PS249500	OMIM:614347
OMIM:PS249500	OMIM:611093
OMIM:PS249500	OMIM:615541
OMIM:PS249500	OMIM:615599
OMIM:PS249500	OMIM:613192
OMIM:PS249500	OMIM:614208
OMIM:PS249500	OMIM:614202
OMIM:PS249500	OMIM:615493
OMIM:PS249500	OMIM:611094
OMIM:PS249500	OMIM:614344
OMIM:PS249500	OMIM:614346
OMIM:PS249500	OMIM:614499
OMIM:PS249500	OMIM:615817
OMIM:PS249500	OMIM:611095
OMIM:PS249500	OMIM:614339
OMIM:PS249500	OMIM:615516
OMIM:PS249500	OMIM:616460
OMIM:PS249500	OMIM:614340
OMIM:PS249500	OMIM:611096
OMIM:PS249500	OMIM:616281
OMIM:PS249500	OMIM:615979
OMIM:PS249500	OMIM:614341
OMIM:PS249500	OMIM:615162
OMIM:PS249500	OMIM:615942
OMIM:PS249500	OMIM:614343
OMIM:PS249500	OMIM:615286
OMIM:PS249500	OMIM:608443
OMIM:PS249500	OMIM:614020
OMIM:PS249500	OMIM:611097
OMIM:PS249500	OMIM:615637
OMIM:PS250950	OMIM:610198
OMIM:PS250950	OMIM:614739
OMIM:PS250950	OMIM:250950
OMIM:PS250950	OMIM:616271
OMIM:PS250950	OMIM:258501
OMIM:PS250950	OMIM:302060
OMIM:PS250950	OMIM:250951
OMIM:PS251200	OMIM:616486
OMIM:PS251200	OMIM:612703
OMIM:PS251200	OMIM:616402
OMIM:PS251200	OMIM:608716
OMIM:PS251200	OMIM:614673
OMIM:PS251200	OMIM:616051
OMIM:PS251200	OMIM:616080
OMIM:PS251200	OMIM:251200
OMIM:PS251200	OMIM:604804
OMIM:PS251200	OMIM:615414
OMIM:PS251200	OMIM:616681
OMIM:PS251200	OMIM:608393
OMIM:PS251200	OMIM:604321
OMIM:PS251200	OMIM:614852
OMIM:PS251200	OMIM:604317
OMIM:PS251200	OMIM:615095
OMIM:PS251270	OMIM:616171
OMIM:PS251270	OMIM:616335
OMIM:PS251270	OMIM:251270
OMIM:PS251450	OMIM:615777
OMIM:PS251450	OMIM:251450
OMIM:PS251600	OMIM:613517
OMIM:PS251600	OMIM:613094
OMIM:PS251600	OMIM:611040
OMIM:PS251600	OMIM:613704
OMIM:PS251600	OMIM:610093
OMIM:PS251600	OMIM:251600
OMIM:PS251600	OMIM:615113
OMIM:PS251600	OMIM:611038
OMIM:PS252150	OMIM:252160
OMIM:PS252150	OMIM:252150
OMIM:PS252150	OMIM:615501
OMIM:PS252350	OMIM:252350
OMIM:PS252350	OMIM:615750
OMIM:PS252350	OMIM:608796
OMIM:PS252350	OMIM:614042
OMIM:PS252350	OMIM:607151
OMIM:PS252350	OMIM:300845
OMIM:PS253310	OMIM:616503
OMIM:PS253310	OMIM:253310
OMIM:PS253310	OMIM:616287
OMIM:PS253310	OMIM:607598
OMIM:PS253310	OMIM:614915
OMIM:PS253310	OMIM:616248
OMIM:PS253310	OMIM:616286
OMIM:PS253310	OMIM:611369
OMIM:PS253310	OMIM:615368
OMIM:PS253600	OMIM:613157
OMIM:PS253600	OMIM:253601
OMIM:PS253600	OMIM:608807
OMIM:PS253600	OMIM:615325
OMIM:PS253600	OMIM:613818
OMIM:PS253600	OMIM:615352
OMIM:PS253600	OMIM:604286
OMIM:PS253600	OMIM:615356
OMIM:PS253600	OMIM:601287
OMIM:PS253600	OMIM:613723
OMIM:PS253600	OMIM:611588
OMIM:PS253600	OMIM:254110
OMIM:PS253600	OMIM:609308
OMIM:PS253600	OMIM:611307
OMIM:PS253600	OMIM:253700
OMIM:PS253600	OMIM:613158
OMIM:PS253600	OMIM:253600
OMIM:PS253600	OMIM:601954
OMIM:PS253600	OMIM:608099
OMIM:PS253600	OMIM:607155
OMIM:PS254090	OMIM:254090
OMIM:PS254090	OMIM:616470
OMIM:PS254090	OMIM:254090
OMIM:PS254090	OMIM:254090
OMIM:PS254130	OMIM:254130
OMIM:PS254130	OMIM:613318
OMIM:PS254130	OMIM:613319
OMIM:PS254800	OMIM:613832
OMIM:PS254800	OMIM:254900
OMIM:PS254800	OMIM:616640
OMIM:PS254800	OMIM:254780
OMIM:PS254800	OMIM:254780
OMIM:PS254800	OMIM:611726
OMIM:PS254800	OMIM:616187
OMIM:PS254800	OMIM:612437
OMIM:PS254800	OMIM:614018
OMIM:PS254800	OMIM:616540
OMIM:PS254800	OMIM:616230
OMIM:PS254800	OMIM:254800
OMIM:PS256100	OMIM:606966
OMIM:PS256100	OMIM:256100
OMIM:PS256100	OMIM:613820
OMIM:PS256100	OMIM:604387
OMIM:PS256100	OMIM:614377
OMIM:PS256100	OMIM:616217
OMIM:PS256100	OMIM:613550
OMIM:PS256100	OMIM:615382
OMIM:PS256100	OMIM:602088
OMIM:PS256100	OMIM:614845
OMIM:PS256100	OMIM:615862
OMIM:PS256100	OMIM:611498
OMIM:PS256100	OMIM:614844
OMIM:PS256100	OMIM:614844
OMIM:PS256100	OMIM:613824
OMIM:PS256100	OMIM:613159
OMIM:PS256300	OMIM:600995
OMIM:PS256300	OMIM:614199
OMIM:PS256300	OMIM:610725
OMIM:PS256300	OMIM:256370
OMIM:PS256300	OMIM:614196
OMIM:PS256300	OMIM:616730
OMIM:PS256300	OMIM:615861
OMIM:PS256300	OMIM:615008
OMIM:PS256300	OMIM:615008
OMIM:PS256300	OMIM:615244
OMIM:PS256300	OMIM:256300
OMIM:PS256300	OMIM:615573
OMIM:PS256450	OMIM:610021
OMIM:PS256450	OMIM:609975
OMIM:PS256450	OMIM:602485
OMIM:PS256450	OMIM:606762
OMIM:PS256450	OMIM:601820
OMIM:PS256450	OMIM:256450
OMIM:PS256450	OMIM:609968
OMIM:PS256520	OMIM:256520
OMIM:PS256520	OMIM:616038
OMIM:PS256730	OMIM:256730
OMIM:PS256730	OMIM:610951
OMIM:PS256730	OMIM:600143
OMIM:PS256730	OMIM:610003
OMIM:PS256730	OMIM:610127
OMIM:PS256730	OMIM:204500
OMIM:PS256730	OMIM:615362
OMIM:PS256730	OMIM:256731
OMIM:PS256730	OMIM:204300
OMIM:PS256730	OMIM:601780
OMIM:PS256730	OMIM:204200
OMIM:PS256730	OMIM:614706
OMIM:PS256730	OMIM:162350
OMIM:PS256730	OMIM:609055
OMIM:PS256850	OMIM:610100
OMIM:PS256850	OMIM:256850
OMIM:PS257300	OMIM:614114
OMIM:PS257300	OMIM:257300
OMIM:PS257920	OMIM:265050
OMIM:PS257920	OMIM:257920
OMIM:PS257920	OMIM:248340
OMIM:PS258150	OMIM:108420
OMIM:PS258150	OMIM:102530
OMIM:PS258150	OMIM:606766
OMIM:PS258150	OMIM:613957
OMIM:PS258150	OMIM:615413
OMIM:PS258150	OMIM:612997
OMIM:PS258150	OMIM:613958
OMIM:PS258150	OMIM:270960
OMIM:PS258150	OMIM:614822
OMIM:PS258150	OMIM:615842
OMIM:PS258150	OMIM:615081
OMIM:PS258150	OMIM:615841
OMIM:PS258150	OMIM:243060
OMIM:PS258150	OMIM:309120
OMIM:PS258150	OMIM:309120
OMIM:PS258150	OMIM:400042
OMIM:PS258150	OMIM:415000
OMIM:PS258150	OMIM:258150
OMIM:PS258150	OMIM:305700
OMIM:PS259100	OMIM:614441
OMIM:PS259100	OMIM:259100
OMIM:PS259100	OMIM:259100
OMIM:PS259100	OMIM:167100
OMIM:PS259700	OMIM:259720
OMIM:PS259700	OMIM:615085
OMIM:PS259700	OMIM:259730
OMIM:PS259700	OMIM:259700
OMIM:PS259700	OMIM:259710
OMIM:PS259700	OMIM:611490
OMIM:PS259700	OMIM:611497
OMIM:PS259700	OMIM:612301
OMIM:PS259900	OMIM:259900
OMIM:PS259900	OMIM:260000
OMIM:PS259900	OMIM:613616
OMIM:PS260370	OMIM:615935
OMIM:PS260370	OMIM:260370
OMIM:PS265120	OMIM:265120
OMIM:PS265120	OMIM:610913
OMIM:PS265120	OMIM:610921
OMIM:PS265120	OMIM:614370
OMIM:PS265120	OMIM:300770
OMIM:PS265450	OMIM:265450
OMIM:PS265450	OMIM:234810
OMIM:PS266600	OMIM:605225
OMIM:PS266600	OMIM:612261
OMIM:PS266600	OMIM:612381
OMIM:PS266600	OMIM:611081
OMIM:PS266600	OMIM:608448
OMIM:PS266600	OMIM:612241
OMIM:PS266600	OMIM:612262
OMIM:PS266600	OMIM:606348
OMIM:PS266600	OMIM:612278
OMIM:PS266600	OMIM:604519
OMIM:PS266600	OMIM:266600
OMIM:PS266600	OMIM:612244
OMIM:PS266600	OMIM:191390
OMIM:PS266600	OMIM:612245
OMIM:PS266600	OMIM:612259
OMIM:PS266600	OMIM:612255
OMIM:PS266600	OMIM:612288
OMIM:PS266600	OMIM:613148
OMIM:PS266600	OMIM:601458
OMIM:PS266600	OMIM:612639
OMIM:PS266600	OMIM:612796
OMIM:PS266600	OMIM:606675
OMIM:PS266600	OMIM:606668
OMIM:PS266600	OMIM:266600
OMIM:PS266600	OMIM:612380
OMIM:PS266600	OMIM:612354
OMIM:PS266600	OMIM:606674
OMIM:PS266600	OMIM:612566
OMIM:PS266600	OMIM:612567
OMIM:PS268000	OMIM:613861
OMIM:PS268000	OMIM:613794
OMIM:PS268000	OMIM:601718
OMIM:PS268000	OMIM:609913
OMIM:PS268000	OMIM:601414
OMIM:PS268000	OMIM:610282
OMIM:PS268000	OMIM:600105
OMIM:PS268000	OMIM:615565
OMIM:PS268000	OMIM:613809
OMIM:PS268000	OMIM:613617
OMIM:PS268000	OMIM:616394
OMIM:PS268000	OMIM:613428
OMIM:PS268000	OMIM:606068
OMIM:PS268000	OMIM:610359
OMIM:PS268000	OMIM:613862
OMIM:PS268000	OMIM:608380
OMIM:PS268000	OMIM:613758
OMIM:PS268000	OMIM:613575
OMIM:PS268000	OMIM:613581
OMIM:PS268000	OMIM:613731
OMIM:PS268000	OMIM:614180
OMIM:PS268000	OMIM:615725
OMIM:PS268000	OMIM:613801
OMIM:PS268000	OMIM:612095
OMIM:PS268000	OMIM:613756
OMIM:PS268000	OMIM:612165
OMIM:PS268000	OMIM:613810
OMIM:PS268000	OMIM:614181
OMIM:PS268000	OMIM:600132
OMIM:PS268000	OMIM:613827
OMIM:PS268000	OMIM:608133
OMIM:PS268000	OMIM:608133
OMIM:PS268000	OMIM:602772
OMIM:PS268000	OMIM:614494
OMIM:PS268000	OMIM:612943
OMIM:PS268000	OMIM:180104
OMIM:PS268000	OMIM:180105
OMIM:PS268000	OMIM:616544
OMIM:PS268000	OMIM:180100
OMIM:PS268000	OMIM:614500
OMIM:PS268000	OMIM:614500
OMIM:PS268000	OMIM:609923
OMIM:PS268000	OMIM:615922
OMIM:PS268000	OMIM:615233
OMIM:PS268000	OMIM:613660
OMIM:PS268000	OMIM:613660
OMIM:PS268000	OMIM:613769
OMIM:PS268000	OMIM:616469
OMIM:PS268000	OMIM:613194
OMIM:PS268000	OMIM:613194
OMIM:PS268000	OMIM:608133
OMIM:PS268000	OMIM:613750
OMIM:PS268000	OMIM:612712
OMIM:PS268000	OMIM:613464
OMIM:PS268000	OMIM:611131
OMIM:PS268000	OMIM:602594
OMIM:PS268000	OMIM:616562
OMIM:PS268000	OMIM:613767
OMIM:PS268000	OMIM:600059
OMIM:PS268000	OMIM:600852
OMIM:PS268000	OMIM:610599
OMIM:PS268000	OMIM:607921
OMIM:PS268000	OMIM:613582
OMIM:PS268000	OMIM:600138
OMIM:PS268000	OMIM:612572
OMIM:PS268000	OMIM:615780
OMIM:PS268000	OMIM:613983
OMIM:PS268000	OMIM:300424
OMIM:PS268000	OMIM:312612
OMIM:PS268000	OMIM:300029
OMIM:PS268000	OMIM:312600
OMIM:PS268000	OMIM:300155
OMIM:PS268000	OMIM:300605
OMIM:PS268000	OMIM:400004
OMIM:PS268000	OMIM:268000
OMIM:PS268310	OMIM:616331
OMIM:PS268310	OMIM:180700
OMIM:PS268310	OMIM:268310
OMIM:PS269500	OMIM:614305
OMIM:PS269500	OMIM:269500
OMIM:PS270300	OMIM:270300
OMIM:PS270300	OMIM:609796
OMIM:PS270300	OMIM:616265
OMIM:PS272430	OMIM:610313
OMIM:PS272430	OMIM:272430
OMIM:PS273750	OMIM:612921
OMIM:PS273750	OMIM:273750
OMIM:PS273750	OMIM:614205
OMIM:PS275200	OMIM:275100
OMIM:PS275200	OMIM:218700
OMIM:PS275200	OMIM:225250
OMIM:PS275200	OMIM:275200
OMIM:PS275200	OMIM:609893
OMIM:PS275200	OMIM:614450
OMIM:PS276700	OMIM:276710
OMIM:PS276700	OMIM:276700
OMIM:PS276700	OMIM:276600
OMIM:PS276900	OMIM:276901
OMIM:PS276900	OMIM:276902
OMIM:PS276900	OMIM:605472
OMIM:PS276900	OMIM:605472
OMIM:PS276900	OMIM:614504
OMIM:PS276900	OMIM:611383
OMIM:PS276900	OMIM:614990
OMIM:PS276900	OMIM:601067
OMIM:PS276900	OMIM:602083
OMIM:PS276900	OMIM:601067
OMIM:PS276900	OMIM:601067
OMIM:PS276900	OMIM:276901
OMIM:PS276900	OMIM:605472
OMIM:PS276900	OMIM:276904
OMIM:PS276900	OMIM:276900
OMIM:PS276900	OMIM:612632
OMIM:PS276900	OMIM:614869
OMIM:PS276900	OMIM:606943
OMIM:PS276900	OMIM:602097
OMIM:PS277300	OMIM:616566
OMIM:PS277300	OMIM:609813
OMIM:PS277300	OMIM:608681
OMIM:PS277300	OMIM:122600
OMIM:PS277300	OMIM:613686
OMIM:PS277300	OMIM:277300
OMIM:PS277450	OMIM:277450
OMIM:PS277450	OMIM:607473
OMIM:PS277600	OMIM:614819
OMIM:PS277600	OMIM:608328
OMIM:PS277600	OMIM:613195
OMIM:PS277600	OMIM:277600
OMIM:PS300009	OMIM:300009
OMIM:PS300009	OMIM:300555
OMIM:PS300345	OMIM:614497
OMIM:PS300345	OMIM:615145
OMIM:PS300345	OMIM:611638
OMIM:PS300345	OMIM:613703
OMIM:PS300345	OMIM:616428
OMIM:PS300345	OMIM:613703
OMIM:PS300345	OMIM:610092
OMIM:PS300345	OMIM:605738
OMIM:PS300345	OMIM:601186
OMIM:PS300345	OMIM:601186
OMIM:PS300345	OMIM:300345
OMIM:PS300345	OMIM:251505
OMIM:PS300352	OMIM:612718
OMIM:PS300352	OMIM:612736
OMIM:PS300352	OMIM:300352
OMIM:PS300633	OMIM:146450
OMIM:PS300633	OMIM:300856
OMIM:PS300633	OMIM:300633
OMIM:PS300633	OMIM:300758
OMIM:PS300818	OMIM:615399
OMIM:PS300818	OMIM:300818
OMIM:PS303350	OMIM:609727
OMIM:PS303350	OMIM:615686
OMIM:PS303350	OMIM:614066
OMIM:PS303350	OMIM:613206
OMIM:PS303350	OMIM:616451
OMIM:PS303350	OMIM:182601
OMIM:PS303350	OMIM:610250
OMIM:PS303350	OMIM:270750
OMIM:PS303350	OMIM:605280
OMIM:PS303350	OMIM:610357
OMIM:PS303350	OMIM:615658
OMIM:PS303350	OMIM:612539
OMIM:PS303350	OMIM:605229
OMIM:PS303350	OMIM:612335
OMIM:PS303350	OMIM:615030
OMIM:PS303350	OMIM:608220
OMIM:PS303350	OMIM:613647
OMIM:PS303350	OMIM:612936
OMIM:PS303350	OMIM:614898
OMIM:PS303350	OMIM:611945
OMIM:PS303350	OMIM:611225
OMIM:PS303350	OMIM:615033
OMIM:PS303350	OMIM:270800
OMIM:PS303350	OMIM:603563
OMIM:PS303350	OMIM:614409
OMIM:PS303350	OMIM:607152
OMIM:PS303350	OMIM:609041
OMIM:PS303350	OMIM:616586
OMIM:PS303350	OMIM:601162
OMIM:PS303350	OMIM:615683
OMIM:PS303350	OMIM:610244
OMIM:PS303350	OMIM:613162
OMIM:PS303350	OMIM:613364
OMIM:PS303350	OMIM:270685
OMIM:PS303350	OMIM:609195
OMIM:PS303350	OMIM:604187
OMIM:PS303350	OMIM:609195
OMIM:PS303350	OMIM:613096
OMIM:PS303350	OMIM:615035
OMIM:PS303350	OMIM:275900
OMIM:PS303350	OMIM:607584
OMIM:PS303350	OMIM:611252
OMIM:PS303350	OMIM:614067
OMIM:PS303350	OMIM:182600
OMIM:PS303350	OMIM:609340
OMIM:PS303350	OMIM:270700
OMIM:PS303350	OMIM:615031
OMIM:PS303350	OMIM:600363
OMIM:PS303350	OMIM:604360
OMIM:PS303350	OMIM:613744
OMIM:PS303350	OMIM:248900
OMIM:PS303350	OMIM:615685
OMIM:PS303350	OMIM:612319
OMIM:PS303350	OMIM:607259
OMIM:PS303350	OMIM:612020
OMIM:PS303350	OMIM:615043
OMIM:PS303350	OMIM:616680
OMIM:PS303350	OMIM:604805
OMIM:PS303350	OMIM:616282
OMIM:PS303350	OMIM:300266
OMIM:PS303350	OMIM:312920
OMIM:PS303350	OMIM:300750
OMIM:PS303350	OMIM:303350
OMIM:PS303350	OMIM:303350
OMIM:PS304500	OMIM:300066
OMIM:PS304500	OMIM:300030
OMIM:PS304500	OMIM:304400
OMIM:PS304500	OMIM:304500
OMIM:PS304500	OMIM:300914
OMIM:PS304500	OMIM:300614
OMIM:PS305100	OMIM:614940
OMIM:PS305100	OMIM:614941
OMIM:PS305100	OMIM:129490
OMIM:PS305100	OMIM:224900
OMIM:PS305100	OMIM:189500
OMIM:PS305100	OMIM:614927
OMIM:PS305100	OMIM:602032
OMIM:PS305100	OMIM:614929
OMIM:PS305100	OMIM:614931
OMIM:PS305100	OMIM:129500
OMIM:PS305100	OMIM:614928
OMIM:PS305100	OMIM:602401
OMIM:PS305100	OMIM:305100
OMIM:PS306955	OMIM:605376
OMIM:PS306955	OMIM:613751
OMIM:PS306955	OMIM:606325
OMIM:PS306955	OMIM:270100
OMIM:PS306955	OMIM:616749
OMIM:PS306955	OMIM:614779
OMIM:PS306955	OMIM:306955
OMIM:PS306955	OMIM:306955
OMIM:PS308230	OMIM:605258
OMIM:PS308230	OMIM:608106
OMIM:PS308230	OMIM:606843
OMIM:PS308230	OMIM:308230
OMIM:PS308230	OMIM:608184
OMIM:PS308240	OMIM:613011
OMIM:PS308240	OMIM:615122
OMIM:PS308240	OMIM:300635
OMIM:PS308240	OMIM:308240
OMIM:PS308350	OMIM:615476
OMIM:PS308350	OMIM:615006
OMIM:PS308350	OMIM:615859
OMIM:PS308350	OMIM:616366
OMIM:PS308350	OMIM:613721
OMIM:PS308350	OMIM:607208
OMIM:PS308350	OMIM:607208
OMIM:PS308350	OMIM:615871
OMIM:PS308350	OMIM:615744
OMIM:PS308350	OMIM:612164
OMIM:PS308350	OMIM:616346
OMIM:PS308350	OMIM:613477
OMIM:PS308350	OMIM:614959
OMIM:PS308350	OMIM:609304
OMIM:PS308350	OMIM:615833
OMIM:PS308350	OMIM:616139
OMIM:PS308350	OMIM:614558
OMIM:PS308350	OMIM:615338
OMIM:PS308350	OMIM:615473
OMIM:PS308350	OMIM:616339
OMIM:PS308350	OMIM:616211
OMIM:PS308350	OMIM:615905
OMIM:PS308350	OMIM:613402
OMIM:PS308350	OMIM:616647
OMIM:PS308350	OMIM:613722
OMIM:PS308350	OMIM:616645
OMIM:PS308350	OMIM:616056
OMIM:PS308350	OMIM:613720
OMIM:PS308350	OMIM:616409
OMIM:PS308350	OMIM:616341
OMIM:PS308350	OMIM:300868
OMIM:PS308350	OMIM:300672
OMIM:PS308350	OMIM:308350
OMIM:PS308350	OMIM:300896
OMIM:PS308350	OMIM:300607
OMIM:PS308350	OMIM:300088
OMIM:PS309510	OMIM:304340
OMIM:PS309510	OMIM:300148
OMIM:PS309510	OMIM:309583
OMIM:PS309510	OMIM:309510
OMIM:PS309510	OMIM:300858
OMIM:PS309510	OMIM:309545
OMIM:PS309510	OMIM:309610
OMIM:PS309510	OMIM:300423
OMIM:PS309510	OMIM:300749
OMIM:PS309510	OMIM:300218
OMIM:PS309510	OMIM:309500
OMIM:PS309510	OMIM:300534
OMIM:PS309510	OMIM:300220
OMIM:PS309510	OMIM:300706
OMIM:PS309510	OMIM:300263
OMIM:PS309510	OMIM:305400
OMIM:PS309510	OMIM:305400
OMIM:PS309510	OMIM:300709
OMIM:PS309510	OMIM:309605
OMIM:PS309510	OMIM:300472
OMIM:PS309510	OMIM:309585
OMIM:PS309510	OMIM:300262
OMIM:PS309510	OMIM:300861
OMIM:PS309510	OMIM:301835
OMIM:PS309510	OMIM:300860
OMIM:PS309510	OMIM:300676
OMIM:PS309510	OMIM:300354
OMIM:PS309510	OMIM:300699
OMIM:PS309510	OMIM:300799
OMIM:PS309510	OMIM:301900
OMIM:PS309510	OMIM:300243
OMIM:PS309510	OMIM:300238
OMIM:PS309510	OMIM:300261
OMIM:PS309510	OMIM:300260
OMIM:PS309510	OMIM:300055
OMIM:PS309510	OMIM:300886
OMIM:PS309510	OMIM:300612
OMIM:PS309510	OMIM:300519
OMIM:PS309530	OMIM:300428
OMIM:PS309530	OMIM:300114
OMIM:PS309530	OMIM:300355
OMIM:PS309530	OMIM:300844
OMIM:PS309530	OMIM:300419
OMIM:PS309530	OMIM:300143
OMIM:PS309530	OMIM:300047
OMIM:PS309530	OMIM:300551
OMIM:PS309530	OMIM:300210
OMIM:PS309530	OMIM:300919
OMIM:PS309530	OMIM:300958
OMIM:PS309530	OMIM:300062
OMIM:PS309530	OMIM:300115
OMIM:PS309530	OMIM:300505
OMIM:PS309530	OMIM:300848
OMIM:PS309530	OMIM:300851
OMIM:PS309530	OMIM:300433
OMIM:PS309530	OMIM:300498
OMIM:PS309530	OMIM:309549
OMIM:PS309530	OMIM:300802
OMIM:PS309530	OMIM:300705
OMIM:PS309530	OMIM:309530
OMIM:PS309530	OMIM:300504
OMIM:PS309530	OMIM:300454
OMIM:PS309530	OMIM:300923
OMIM:PS309530	OMIM:300850
OMIM:PS309530	OMIM:300912
OMIM:PS309530	OMIM:300577
OMIM:PS309530	OMIM:300659
OMIM:PS309530	OMIM:300803
OMIM:PS309530	OMIM:300324
OMIM:PS309530	OMIM:300928
OMIM:PS309530	OMIM:300046
OMIM:PS309530	OMIM:300387
OMIM:PS309530	OMIM:300558
OMIM:PS309530	OMIM:300518
OMIM:PS309530	OMIM:300852
OMIM:PS309530	OMIM:300699
OMIM:PS309530	OMIM:300957
OMIM:PS309530	OMIM:300372
OMIM:PS309530	OMIM:300436
OMIM:PS309530	OMIM:309541
OMIM:PS309530	OMIM:300849
OMIM:PS309530	OMIM:300271
OMIM:PS309530	OMIM:300716
OMIM:PS309800	OMIM:615524
OMIM:PS309800	OMIM:206900
OMIM:PS309800	OMIM:206900
OMIM:PS309800	OMIM:615877
OMIM:PS309800	OMIM:601349
OMIM:PS309800	OMIM:614402
OMIM:PS309800	OMIM:607932
OMIM:PS309800	OMIM:610125
OMIM:PS309800	OMIM:610125
OMIM:PS309800	OMIM:601186
OMIM:PS309800	OMIM:601186
OMIM:PS309800	OMIM:309801
OMIM:PS309800	OMIM:300166
OMIM:PS309800	OMIM:301590
OMIM:PS309800	OMIM:300915
OMIM:PS309800	OMIM:309800
OMIM:PS309800	OMIM:611222
OMIM:PS309801	OMIM:309801
OMIM:PS309801	OMIM:300952
OMIM:PS309801	OMIM:300887
OMIM:PS310300	OMIM:181350
OMIM:PS310300	OMIM:616516
OMIM:PS310300	OMIM:614302
OMIM:PS310300	OMIM:612998
OMIM:PS310300	OMIM:612999
OMIM:PS310300	OMIM:300696
OMIM:PS310300	OMIM:300696
OMIM:PS310300	OMIM:310300
OMIM:PS310500	OMIM:258100
OMIM:PS310500	OMIM:610444
OMIM:PS310500	OMIM:616389
OMIM:PS310500	OMIM:610445
OMIM:PS310500	OMIM:163500
OMIM:PS310500	OMIM:615058
OMIM:PS310500	OMIM:257270
OMIM:PS310500	OMIM:613411
OMIM:PS310500	OMIM:613216
OMIM:PS310500	OMIM:613830
OMIM:PS310500	OMIM:614565
OMIM:PS310500	OMIM:310500
OMIM:PS310500	OMIM:300071
OMIM:PS310700	OMIM:614826
OMIM:PS310700	OMIM:164100
OMIM:PS310700	OMIM:608345
OMIM:PS310700	OMIM:193003
OMIM:PS310700	OMIM:300814
OMIM:PS310700	OMIM:300589
OMIM:PS310700	OMIM:310700
OMIM:PS310700	OMIM:310700
OMIM:PS310700	OMIM:257400
OMIM:PS312080	OMIM:616420
OMIM:PS312080	OMIM:608804
OMIM:PS312080	OMIM:612233
OMIM:PS312080	OMIM:260600
OMIM:PS312080	OMIM:616140
OMIM:PS312080	OMIM:616494
OMIM:PS312080	OMIM:610532
OMIM:PS312080	OMIM:607694
OMIM:PS312080	OMIM:614381
OMIM:PS312080	OMIM:612438
OMIM:PS312080	OMIM:312080
OMIM:PS312170	OMIM:614111
OMIM:PS312170	OMIM:614462
OMIM:PS312170	OMIM:608782
OMIM:PS312170	OMIM:245349
OMIM:PS312170	OMIM:245348
OMIM:PS312170	OMIM:312170
OMIM:PS400044	OMIM:613762
OMIM:PS400044	OMIM:616067
OMIM:PS400044	OMIM:154230
OMIM:PS400044	OMIM:612965
OMIM:PS400044	OMIM:614279
OMIM:PS400044	OMIM:614279
OMIM:PS400044	OMIM:233420
OMIM:PS400044	OMIM:616425
OMIM:PS400044	OMIM:613080
OMIM:PS400044	OMIM:300018
OMIM:PS400044	OMIM:400044
OMIM:PS600118	OMIM:614225
OMIM:PS600118	OMIM:600118
OMIM:PS600118	OMIM:614222
OMIM:PS600118	OMIM:615663
OMIM:PS600165	OMIM:611897
OMIM:PS600165	OMIM:600165
OMIM:PS600165	OMIM:609549
OMIM:PS600165	OMIM:615972
OMIM:PS600512	OMIM:615697
OMIM:PS600512	OMIM:611630
OMIM:PS600512	OMIM:616436
OMIM:PS600512	OMIM:614417
OMIM:PS600512	OMIM:611631
OMIM:PS600512	OMIM:600512
OMIM:PS600512	OMIM:616461
OMIM:PS600512	OMIM:608096
OMIM:PS600513	OMIM:605375
OMIM:PS600513	OMIM:610353
OMIM:PS600513	OMIM:615005
OMIM:PS600513	OMIM:603204
OMIM:PS600513	OMIM:600513
OMIM:PS600630	OMIM:614640
OMIM:PS600630	OMIM:614621
OMIM:PS600630	OMIM:600630
OMIM:PS600721	OMIM:600721
OMIM:PS600721	OMIM:613657
OMIM:PS600803	OMIM:609918
OMIM:PS600803	OMIM:609919
OMIM:PS600803	OMIM:611465
OMIM:PS600803	OMIM:600803
OMIM:PS601068	OMIM:615400
OMIM:PS601068	OMIM:607876
OMIM:PS601068	OMIM:615127
OMIM:PS601068	OMIM:613608
OMIM:PS601068	OMIM:601068
OMIM:PS601144	OMIM:616399
OMIM:PS601144	OMIM:611777
OMIM:PS601144	OMIM:601144
OMIM:PS601144	OMIM:611876
OMIM:PS601144	OMIM:613119
OMIM:PS601144	OMIM:613120
OMIM:PS601144	OMIM:613120
OMIM:PS601144	OMIM:611875
OMIM:PS601144	OMIM:613123
OMIM:PS601144	OMIM:612838
OMIM:PS601144	OMIM:612838
OMIM:PS601198	OMIM:601198
OMIM:PS601198	OMIM:601198
OMIM:PS601198	OMIM:615361
OMIM:PS601390	OMIM:615546
OMIM:PS601390	OMIM:601390
OMIM:PS601419	OMIM:601419
OMIM:PS601419	OMIM:182920
OMIM:PS601419	OMIM:609200
OMIM:PS601419	OMIM:609524
OMIM:PS601419	OMIM:609452
OMIM:PS601419	OMIM:612954
OMIM:PS601419	OMIM:608810
OMIM:PS601419	OMIM:613869
OMIM:PS601462	OMIM:615120
OMIM:PS601462	OMIM:616227
OMIM:PS601462	OMIM:616040
OMIM:PS601462	OMIM:610542
OMIM:PS601462	OMIM:608930
OMIM:PS601462	OMIM:601462
OMIM:PS601462	OMIM:616323
OMIM:PS601462	OMIM:616322
OMIM:PS601462	OMIM:616321
OMIM:PS601462	OMIM:603034
OMIM:PS601462	OMIM:254300
OMIM:PS601462	OMIM:616228
OMIM:PS601462	OMIM:616325
OMIM:PS601462	OMIM:254210
OMIM:PS601462	OMIM:616720
OMIM:PS601462	OMIM:616304
OMIM:PS601462	OMIM:616326
OMIM:PS601462	OMIM:614750
OMIM:PS601462	OMIM:608931
OMIM:PS601462	OMIM:605809
OMIM:PS601462	OMIM:616324
OMIM:PS601462	OMIM:616314
OMIM:PS601462	OMIM:616313
OMIM:PS601462	OMIM:614198
OMIM:PS601462	OMIM:616330
OMIM:PS601471	OMIM:601471
OMIM:PS601471	OMIM:604185
OMIM:PS601471	OMIM:614744
OMIM:PS601495	OMIM:615214
OMIM:PS601495	OMIM:613506
OMIM:PS601495	OMIM:613502
OMIM:PS601495	OMIM:601495
OMIM:PS601495	OMIM:612692
OMIM:PS601495	OMIM:613501
OMIM:PS601495	OMIM:613500
OMIM:PS601495	OMIM:300310
OMIM:PS601495	OMIM:300755
OMIM:PS601675	OMIM:616390
OMIM:PS601675	OMIM:616395
OMIM:PS601675	OMIM:234050
OMIM:PS601675	OMIM:601675
OMIM:PS601675	OMIM:300953
OMIM:PS601678	OMIM:613090
OMIM:PS601678	OMIM:613090
OMIM:PS601678	OMIM:607364
OMIM:PS601678	OMIM:602522
OMIM:PS601678	OMIM:602522
OMIM:PS601678	OMIM:241200
OMIM:PS601678	OMIM:601678
OMIM:PS601764	OMIM:612627
OMIM:PS601764	OMIM:607745
OMIM:PS601764	OMIM:605751
OMIM:PS601764	OMIM:601764
OMIM:PS602014	OMIM:248190
OMIM:PS602014	OMIM:248250
OMIM:PS602014	OMIM:611718
OMIM:PS602014	OMIM:602014
OMIM:PS602014	OMIM:613882
OMIM:PS602014	OMIM:154020
OMIM:PS602483	OMIM:602483
OMIM:PS602483	OMIM:615706
OMIM:PS602483	OMIM:614669
OMIM:PS603041	OMIM:256810
OMIM:PS603041	OMIM:251880
OMIM:PS603041	OMIM:245400
OMIM:PS603041	OMIM:615418
OMIM:PS603041	OMIM:615471
OMIM:PS603041	OMIM:212350
OMIM:PS603041	OMIM:612075
OMIM:PS603041	OMIM:612075
OMIM:PS603041	OMIM:271245
OMIM:PS603041	OMIM:612073
OMIM:PS603041	OMIM:613662
OMIM:PS603041	OMIM:203700
OMIM:PS603041	OMIM:609560
OMIM:PS603041	OMIM:615084
OMIM:PS603041	OMIM:603041
OMIM:PS603075	OMIM:153800
OMIM:PS603075	OMIM:603075
OMIM:PS603075	OMIM:610698
OMIM:PS603075	OMIM:603075
OMIM:PS603075	OMIM:603075
OMIM:PS603075	OMIM:613784
OMIM:PS603075	OMIM:615439
OMIM:PS603075	OMIM:615591
OMIM:PS603075	OMIM:615489
OMIM:PS603075	OMIM:615489
OMIM:PS603075	OMIM:611488
OMIM:PS603075	OMIM:613761
OMIM:PS603075	OMIM:603075
OMIM:PS603075	OMIM:613778
OMIM:PS603075	OMIM:610149
OMIM:PS603075	OMIM:610149
OMIM:PS603075	OMIM:608895
OMIM:PS603075	OMIM:608895
OMIM:PS603075	OMIM:613757
OMIM:PS603075	OMIM:611378
OMIM:PS603075	OMIM:603075
OMIM:PS603075	OMIM:611953
OMIM:PS603165	OMIM:605803
OMIM:PS603165	OMIM:613519
OMIM:PS603165	OMIM:603165
OMIM:PS603165	OMIM:613518
OMIM:PS603165	OMIM:605845
OMIM:PS603165	OMIM:613064
OMIM:PS603165	OMIM:605844
OMIM:PS603165	OMIM:605805
OMIM:PS603165	OMIM:605804
OMIM:PS603278	OMIM:607832
OMIM:PS603278	OMIM:616032
OMIM:PS603278	OMIM:616220
OMIM:PS603278	OMIM:616002
OMIM:PS603278	OMIM:603965
OMIM:PS603278	OMIM:613237
OMIM:PS603278	OMIM:614131
OMIM:PS603278	OMIM:603278
OMIM:PS603278	OMIM:612551
OMIM:PS603278	OMIM:612551
OMIM:PS603387	OMIM:615937
OMIM:PS603387	OMIM:615938
OMIM:PS603387	OMIM:603387
OMIM:PS603513	OMIM:603513
OMIM:PS603513	OMIM:612900
OMIM:PS603933	OMIM:612628
OMIM:PS603933	OMIM:612635
OMIM:PS603933	OMIM:603933
OMIM:PS603933	OMIM:612634
OMIM:PS603933	OMIM:612633
OMIM:PS603933	OMIM:612623
OMIM:PS603933	OMIM:612624
OMIM:PS604004	OMIM:613926
OMIM:PS604004	OMIM:613925
OMIM:PS604004	OMIM:604004
OMIM:PS604169	OMIM:615373
OMIM:PS604169	OMIM:615373
OMIM:PS604169	OMIM:601494
OMIM:PS604169	OMIM:601494
OMIM:PS604169	OMIM:601493
OMIM:PS604169	OMIM:601493
OMIM:PS604169	OMIM:601493
OMIM:PS604169	OMIM:609470
OMIM:PS604169	OMIM:615396
OMIM:PS604169	OMIM:615396
OMIM:PS604169	OMIM:613426
OMIM:PS604169	OMIM:613426
OMIM:PS604169	OMIM:613424
OMIM:PS604169	OMIM:613424
OMIM:PS604169	OMIM:611878
OMIM:PS604169	OMIM:611878
OMIM:PS604169	OMIM:615092
OMIM:PS604169	OMIM:604169
OMIM:PS604233	OMIM:613060
OMIM:PS604233	OMIM:613060
OMIM:PS604233	OMIM:613060
OMIM:PS604233	OMIM:609800
OMIM:PS604233	OMIM:604403
OMIM:PS604233	OMIM:604403
OMIM:PS604233	OMIM:613863
OMIM:PS604233	OMIM:613863
OMIM:PS604233	OMIM:611277
OMIM:PS604233	OMIM:611277
OMIM:PS604233	OMIM:613828
OMIM:PS604233	OMIM:612279
OMIM:PS604233	OMIM:616172
OMIM:PS604233	OMIM:604233
OMIM:PS604348	OMIM:604348
OMIM:PS604348	OMIM:615224
OMIM:PS604370	OMIM:612555
OMIM:PS604370	OMIM:614291
OMIM:PS604370	OMIM:604370
OMIM:PS604370	OMIM:613399
OMIM:PS604391	OMIM:604391
OMIM:PS604391	OMIM:615919
OMIM:PS604772	OMIM:611938
OMIM:PS604772	OMIM:604772
OMIM:PS604772	OMIM:615441
OMIM:PS604772	OMIM:614021
OMIM:PS604772	OMIM:614916
OMIM:PS604931	OMIM:604931
OMIM:PS604931	OMIM:614662
OMIM:PS605389	OMIM:612841
OMIM:PS605389	OMIM:615059
OMIM:PS605389	OMIM:604379
OMIM:PS605389	OMIM:604379
OMIM:PS605389	OMIM:146520
OMIM:PS605389	OMIM:614238
OMIM:PS605389	OMIM:146550
OMIM:PS605389	OMIM:614237
OMIM:PS605389	OMIM:615896
OMIM:PS605389	OMIM:613981
OMIM:PS605389	OMIM:615885
OMIM:PS605389	OMIM:278150
OMIM:PS605389	OMIM:278150
OMIM:PS605389	OMIM:605389
OMIM:PS605389	OMIM:607903
OMIM:PS605432	OMIM:616738
OMIM:PS605432	OMIM:605432
OMIM:PS605552	OMIM:605552
OMIM:PS605552	OMIM:605552
OMIM:PS605552	OMIM:605572
OMIM:PS605552	OMIM:615812
OMIM:PS605711	OMIM:615330
OMIM:PS605711	OMIM:605711
OMIM:PS605711	OMIM:614299
OMIM:PS605711	OMIM:616370
OMIM:PS606215	OMIM:606215
OMIM:PS606215	OMIM:606217
OMIM:PS606215	OMIM:606217
OMIM:PS606215	OMIM:600309
OMIM:PS606215	OMIM:614430
OMIM:PS606215	OMIM:614474
OMIM:PS606711	OMIM:615432
OMIM:PS606711	OMIM:612514
OMIM:PS606711	OMIM:607134
OMIM:PS606711	OMIM:606711
OMIM:PS606711	OMIM:606712
OMIM:PS606777	OMIM:606777
OMIM:PS606777	OMIM:612126
OMIM:PS607014	OMIM:253010
OMIM:PS607014	OMIM:601492
OMIM:PS607014	OMIM:607016
OMIM:PS607014	OMIM:607015
OMIM:PS607014	OMIM:607014
OMIM:PS607014	OMIM:253200
OMIM:PS607014	OMIM:253220
OMIM:PS607014	OMIM:252930
OMIM:PS607014	OMIM:253000
OMIM:PS607014	OMIM:252920
OMIM:PS607014	OMIM:252900
OMIM:PS607014	OMIM:309900
OMIM:PS607086	OMIM:610168
OMIM:PS607086	OMIM:613780
OMIM:PS607086	OMIM:607087
OMIM:PS607086	OMIM:609192
OMIM:PS607086	OMIM:615436
OMIM:PS607086	OMIM:611788
OMIM:PS607086	OMIM:607086
OMIM:PS607086	OMIM:616166
OMIM:PS607086	OMIM:132900
OMIM:PS607426	OMIM:612016
OMIM:PS607426	OMIM:607426
OMIM:PS607426	OMIM:614652
OMIM:PS607426	OMIM:616276
OMIM:PS607426	OMIM:614651
OMIM:PS607426	OMIM:614650
OMIM:PS607426	OMIM:616733
OMIM:PS607426	OMIM:614654
OMIM:PS607432	OMIM:257320
OMIM:PS607432	OMIM:615191
OMIM:PS607432	OMIM:616342
OMIM:PS607432	OMIM:614028
OMIM:PS607432	OMIM:611603
OMIM:PS607432	OMIM:616212
OMIM:PS607432	OMIM:247200
OMIM:PS607432	OMIM:607432
OMIM:PS607432	OMIM:607432
OMIM:PS607432	OMIM:300215
OMIM:PS607432	OMIM:300215
OMIM:PS607432	OMIM:300067
OMIM:PS607432	OMIM:300067
OMIM:PS607594	OMIM:614699
OMIM:PS607594	OMIM:607594
OMIM:PS607594	OMIM:616576
OMIM:PS607594	OMIM:615767
OMIM:PS607594	OMIM:614700
OMIM:PS607594	OMIM:615577
OMIM:PS607594	OMIM:613496
OMIM:PS607594	OMIM:613495
OMIM:PS607594	OMIM:613493
OMIM:PS607594	OMIM:240500
OMIM:PS607594	OMIM:613494
OMIM:PS607596	OMIM:615809
OMIM:PS607596	OMIM:612389
OMIM:PS607596	OMIM:613811
OMIM:PS607596	OMIM:611523
OMIM:PS607596	OMIM:608027
OMIM:PS607596	OMIM:614678
OMIM:PS607596	OMIM:614959
OMIM:PS607596	OMIM:615803
OMIM:PS607596	OMIM:607596
OMIM:PS607596	OMIM:614961
OMIM:PS607596	OMIM:615851
OMIM:PS607596	OMIM:225753
OMIM:PS607596	OMIM:610204
OMIM:PS607596	OMIM:277470
OMIM:PS607596	OMIM:612390
OMIM:PS607634	OMIM:607634
OMIM:PS607634	OMIM:166600
OMIM:PS607765	OMIM:616278
OMIM:PS607765	OMIM:214950
OMIM:PS607765	OMIM:235555
OMIM:PS607765	OMIM:613812
OMIM:PS607765	OMIM:607765
OMIM:PS608207	OMIM:611381
OMIM:PS608207	OMIM:611382
OMIM:PS608207	OMIM:608207
OMIM:PS608567	OMIM:608567
OMIM:PS608567	OMIM:614090
OMIM:PS608567	OMIM:163800
OMIM:PS608583	OMIM:612201
OMIM:PS608583	OMIM:614049
OMIM:PS608583	OMIM:614022
OMIM:PS608583	OMIM:611494
OMIM:PS608583	OMIM:615770
OMIM:PS608583	OMIM:608988
OMIM:PS608583	OMIM:608583
OMIM:PS608583	OMIM:607554
OMIM:PS608583	OMIM:611819
OMIM:PS608583	OMIM:611819
OMIM:PS608583	OMIM:615378
OMIM:PS608583	OMIM:613120
OMIM:PS608583	OMIM:613120
OMIM:PS608583	OMIM:612240
OMIM:PS608583	OMIM:614050
OMIM:PS608583	OMIM:613055
OMIM:PS608583	OMIM:613980
OMIM:PS608583	OMIM:615377
OMIM:PS608583	OMIM:611493
OMIM:PS608594	OMIM:612526
OMIM:PS608594	OMIM:608594
OMIM:PS608594	OMIM:269700
OMIM:PS608594	OMIM:613327
OMIM:PS608638	OMIM:608781
OMIM:PS608638	OMIM:609954
OMIM:PS608638	OMIM:608638
OMIM:PS608638	OMIM:608631
OMIM:PS608638	OMIM:300497
OMIM:PS608638	OMIM:300494
OMIM:PS608808	OMIM:608808
OMIM:PS608808	OMIM:613854
OMIM:PS609060	OMIM:615918
OMIM:PS609060	OMIM:614932
OMIM:PS609060	OMIM:616430
OMIM:PS609060	OMIM:615395
OMIM:PS609060	OMIM:614582
OMIM:PS609060	OMIM:611719
OMIM:PS609060	OMIM:609060
OMIM:PS609060	OMIM:615595
OMIM:PS609060	OMIM:614946
OMIM:PS609060	OMIM:615917
OMIM:PS609060	OMIM:614096
OMIM:PS609060	OMIM:614702
OMIM:PS609060	OMIM:614922
OMIM:PS609060	OMIM:610498
OMIM:PS609060	OMIM:615578
OMIM:PS609060	OMIM:616239
OMIM:PS609060	OMIM:610505
OMIM:PS609060	OMIM:613559
OMIM:PS609060	OMIM:616672
OMIM:PS609060	OMIM:616539
OMIM:PS609060	OMIM:614947
OMIM:PS609060	OMIM:614924
OMIM:PS609060	OMIM:610678
OMIM:PS609060	OMIM:615440
OMIM:PS609060	OMIM:616045
OMIM:PS609060	OMIM:616198
OMIM:PS609060	OMIM:300816
OMIM:PS609129	OMIM:601071
OMIM:PS609129	OMIM:601071
OMIM:PS609129	OMIM:609129
OMIM:PS609129	OMIM:300614
OMIM:PS609192	OMIM:614816
OMIM:PS609192	OMIM:610168
OMIM:PS609192	OMIM:609192
OMIM:PS609192	OMIM:615582
OMIM:PS609192	OMIM:613795
OMIM:PS609308	OMIM:613157
OMIM:PS609308	OMIM:613818
OMIM:PS609308	OMIM:615352
OMIM:PS609308	OMIM:616052
OMIM:PS609308	OMIM:616094
OMIM:PS609308	OMIM:611588
OMIM:PS609308	OMIM:609308
OMIM:PS609308	OMIM:613158
OMIM:PS609308	OMIM:607155
OMIM:PS609620	OMIM:609620
OMIM:PS609620	OMIM:609621
OMIM:PS609620	OMIM:609622
OMIM:PS610448	OMIM:610448
OMIM:PS610448	OMIM:614415
OMIM:PS610542	OMIM:610542
OMIM:PS610542	OMIM:616228
OMIM:PS610542	OMIM:614750
OMIM:PS610551	OMIM:614212
OMIM:PS610551	OMIM:608033
OMIM:PS610551	OMIM:613002
OMIM:PS610551	OMIM:610551
OMIM:PS610551	OMIM:614849
OMIM:PS610551	OMIM:614850
OMIM:PS610551	OMIM:616532
OMIM:PS610799	OMIM:610799
OMIM:PS610799	OMIM:610799
OMIM:PS610799	OMIM:300640
OMIM:PS610805	OMIM:610805
OMIM:PS610805	OMIM:610805
OMIM:PS610805	OMIM:143100
OMIM:PS612286	OMIM:612286
OMIM:PS612286	OMIM:612287
OMIM:PS613038	OMIM:262700
OMIM:PS613038	OMIM:182230
OMIM:PS613038	OMIM:182230
OMIM:PS613038	OMIM:182230
OMIM:PS613038	OMIM:613038
OMIM:PS613038	OMIM:262600
OMIM:PS613038	OMIM:221750
OMIM:PS613038	OMIM:613986
OMIM:PS613155	OMIM:613151
OMIM:PS613155	OMIM:615351
OMIM:PS613155	OMIM:613152
OMIM:PS613155	OMIM:613155
OMIM:PS613155	OMIM:613156
OMIM:PS613155	OMIM:606612
OMIM:PS613155	OMIM:608840
OMIM:PS613339	OMIM:613340
OMIM:PS613339	OMIM:613339
OMIM:PS613573	OMIM:613573
OMIM:PS613573	OMIM:613576
OMIM:PS614039	OMIM:615282
OMIM:PS614039	OMIM:615411
OMIM:PS614039	OMIM:615763
OMIM:PS614039	OMIM:615771
OMIM:PS614039	OMIM:614039
OMIM:PS614039	OMIM:615412
OMIM:PS614080	OMIM:614080
OMIM:PS614080	OMIM:615398
OMIM:PS614080	OMIM:300868
OMIM:PS614328	OMIM:614328
OMIM:PS614328	OMIM:616069
OMIM:PS614429	OMIM:614432
OMIM:PS614429	OMIM:614431
OMIM:PS614429	OMIM:614429
OMIM:PS615040	OMIM:615551
OMIM:PS615040	OMIM:615552
OMIM:PS615040	OMIM:615040
OMIM:PS615438	OMIM:616483
OMIM:PS615438	OMIM:615438
OMIM:PS615895	OMIM:616199
OMIM:PS615895	OMIM:615895
